UID,X1,X2
4861STDY7462257-AGCAGCCCACGAAAGC,-1.5365475,-5.808322
4861STDY7462257-AGCGTCGTCTCTAAGG,4.265754,10.928544
4861STDY7462257-CAAGATCCAATAGAGT,4.7294197,10.987251
4861STDY7462257-CATATTCTCGCATGAT,4.7621765,10.914634
4861STDY7462257-CATCGGGTCAGAGACG,4.917956,10.564189
4861STDY7462257-CGATGTAAGCTAGTTC,5.0854745,11.532788
4861STDY7462257-CGCTGGACAGATCGGA,-4.5255504,-1.6640544
4861STDY7462257-CTTTGCGCAATGAATG,5.146186,11.327877
4861STDY7462257-GGATTACTCCGTAGTA,4.664514,10.749084
4861STDY7462257-GGCGACTTCAGGCAAG,5.169385,12.286973
4861STDY7462257-GTAACGTCATTCTTAC,4.0781727,10.472154
4861STDY7462257-GTCACGGTCAACACCA,4.9522047,11.1901
4861STDY7462258-AACTCTTAGTGCGATG,4.394964,10.961376
4861STDY7462258-AAGTCTGTCCAACCAA,4.3478994,10.594574
4861STDY7462258-ACATACGTCGTCACGG,-6.822756,-4.9949765
4861STDY7462258-AGGGATGAGACAAAGG,4.1027374,-6.525336
4861STDY7462258-AGTTGGTCACCCTATC,1.9845088,-5.2816706
4861STDY7462258-ATAACGCTCCTTGGTC,4.4104877,10.76612
4861STDY7462258-CACTCCACACGTGAGA,5.2590914,12.038802
4861STDY7462258-CAGTCCTAGAGCTGCA,5.706432,-3.2752457
4861STDY7462258-CCCTCCTAGCCGCCTA,4.703178,10.735009
4861STDY7462258-CGGAGTCGTGTTGAGG,4.3715396,10.764134
4861STDY7462258-CGGAGTCTCCTCTAGC,-4.845456,8.885736
4861STDY7462258-CTCCTAGGTGATAAAC,-8.957927,-3.048923
4861STDY7462258-CTCGGGACAAGGTGTG,4.8460784,11.022989
4861STDY7462258-CTCGTACGTCCAGTAT,4.2331963,10.6214695
4861STDY7462258-CTGATCCCAAAGCAAT,-0.79230726,-4.6522655
4861STDY7462258-GACAGAGTCTTCAACT,4.379312,10.684611
4861STDY7462258-GATCAGTCACTGAAGG,-5.7133594,-7.358933
4861STDY7462258-GCGCAGTCAGGATTGG,-6.8060136,-1.6344038
4861STDY7462258-GGATGTTGTGTGACCC,-6.530841,-6.367058
4861STDY7462258-GTAACGTTCCGATATG,4.8052897,10.7572365
4861STDY7462258-TAGGCATGTTTGACTG,4.398611,10.678145
4861STDY7462258-TCAGCTCGTGATGTCT,3.0478957,-8.8981905
4861STDY7462258-TTGAACGTCGTACGGC,5.398076,12.174027
4861STDY7462259-AGTGAGGCAATGGTCT,5.134501,11.648165
4861STDY7462259-ATCATGGCAAACTGTC,5.7572384,-3.5922375
4861STDY7462259-CGATCGGGTAAACGCG,4.7943277,11.008878
4861STDY7462259-CTCGTCAAGAGAACAG,2.8497875,-8.015715
4861STDY7462259-CTGATAGCATGTCTCC,4.7955027,10.469617
4861STDY7462259-GACGCGTCATCGTCGG,5.292806,11.799773
4861STDY7462259-GCGCCAACAACTTGAC,4.566378,10.700136
4861STDY7462259-GGCTCGACAGCCAGAA,3.1528554,-8.803513
4861STDY7462259-GGGACCTCATGCCACG,4.941314,11.296058
4861STDY7462259-GGTGTTAAGCCACTAT,4.3778663,10.567188
4861STDY7462259-TAGCCGGCAGACTCGC,4.312577,10.819152
4861STDY7462259-TCATTACAGCTAAACA,-5.694491,-7.1652517
4861STDY7462259-TCGGGACAGTTAACGA,4.378917,10.544908
4861STDY7462260-AAACGGGAGATATGCA,-5.8279076,-6.309146
4861STDY7462260-AACCATGCACGCGAAA,-2.799237,4.959584
4861STDY7462260-AAGCCGCCAAGGCTCC,5.0811357,11.358115
4861STDY7462260-ACACCCTCACGGCGTT,-6.659583,8.645615
4861STDY7462260-ACGCCGAGTTATCCGA,5.402335,11.492471
4861STDY7462260-CCGTACTAGAATAGGG,4.412304,10.782281
4861STDY7462260-CCTCAGTCAAGTTAAG,-5.382782,-7.3635917
4861STDY7462260-CCTTTCTAGTGAAGAG,4.5392995,10.461647
4861STDY7462260-CGTGTCTGTATAGGTA,-0.78709435,7.566901
4861STDY7462260-CTAAGACGTAGCTCCG,-8.38885,-2.3210866
4861STDY7462260-CTCCTAGTCTTCGGTC,4.472556,10.563355
4861STDY7462260-CTGATCCCACCTCGTT,4.21366,-7.789618
4861STDY7462260-GAAACTCCAGCGTTCG,4.545428,10.822399
4861STDY7462260-GAAACTCCAGGTGGAT,4.575031,10.688742
4861STDY7462260-GACCAATTCACCGTAA,4.2133155,10.74896
4861STDY7462260-GGAGCAAAGCCAGTTT,4.0992455,10.536193
4861STDY7462260-GTCACGGAGGACATTA,4.920868,10.702264
4861STDY7462260-GTGAAGGGTCTGATTG,4.882112,10.845976
4861STDY7462260-TAAGCGTCAAGGGTCA,4.610205,10.658506
4861STDY7462260-TACTCGCCAATCAGAA,5.065628,10.994748
4861STDY7462260-TCGCGAGTCAACACTG,-4.9765015,-7.3334274
4861STDY7462260-TGATTTCGTATATGAG,-4.6810536,-5.456714
4861STDY7462260-TGCGGGTCATGGAATA,-1.4262655,-5.277443
4861STDY7462260-TGGTTAGCAGGGTATG,4.2361293,10.548061
4861STDY7462260-TTCTCAAAGGCCCTCA,3.590222,-5.64778
4861STDY7462261-AACGTTGTCTCATTCA,4.667271,10.622154
4861STDY7462261-AAGGAGCGTTAAGACA,4.858545,10.667283
4861STDY7462261-AATCCAGGTACAAGTA,4.1842275,10.505172
4861STDY7462261-ACGAGGAAGTAGCCGA,4.192996,10.6011
4861STDY7462261-ACTGAGTGTCAGCTAT,4.9155426,11.006772
4861STDY7462261-ACTTACTTCTGCAAGT,4.937964,10.652498
4861STDY7462261-AGCGTATCAGGAACGT,4.307367,10.442043
4861STDY7462261-ATGTGTGCAGCTTCGG,-6.996259,-5.573537
4861STDY7462261-ATTACTCTCACTTATC,4.1454654,10.628726
4861STDY7462261-CACAGGCGTCGAACAG,-6.023902,-6.4978743
4861STDY7462261-CACCACTAGCGATAGC,2.8145642,-8.172023
4861STDY7462261-CAGCGACGTTCCATGA,4.6141806,10.594046
4861STDY7462261-CATCGGGCACCGATAT,4.6566224,10.670278
4861STDY7462261-CCACGGAGTGTAATGA,4.6485496,-1.6274449
4861STDY7462261-CCACTACCACGTCAGC,5.094953,11.404639
4861STDY7462261-CCTTCGACAGGGTATG,4.5449543,10.646159
4861STDY7462261-CGCCAAGCATGTAAGA,3.3836427,-6.4732704
4861STDY7462261-CGCGGTATCCCTCTTT,4.4758177,10.531957
4861STDY7462261-CGGACGTTCTAACTCT,5.1896234,11.230656
4861STDY7462261-CGTGTAAAGTGCGTGA,4.4785857,10.477466
4861STDY7462261-CTAAGACAGCATGGCA,4.3160124,10.866918
4861STDY7462261-CTCTAATCACGAAAGC,4.069453,10.39488
4861STDY7462261-GAACATCAGGGATCTG,5.3406863,12.204949
4861STDY7462261-GACACGCCAGGATCGA,4.6798306,10.640744
4861STDY7462261-GACTGCGAGGTGACCA,4.8969035,11.238592
4861STDY7462261-GACTGCGCACTGTCGG,4.383977,10.782447
4861STDY7462261-GCGAGAACAACGATGG,4.2468905,10.672627
4861STDY7462261-GCGCGATGTCTCTTAT,4.4050455,10.798734
4861STDY7462261-GCGGGTTCATTTGCTT,4.4449015,10.4445505
4861STDY7462261-GCTGCGAAGGCTAGCA,5.2974043,12.151052
4861STDY7462261-GCTGGGTCAAGTCATC,-5.0510635,-1.7141228
4861STDY7462261-GGCAATTTCGCATGAT,4.1546803,10.591861
4861STDY7462261-GGCTCGAAGCGTAGTG,4.5745454,-1.8491491
4861STDY7462261-GTAACTGTCAGTTTGG,4.218959,10.602601
4861STDY7462261-GTATTCTAGACTAGAT,-6.206331,-6.5516925
4861STDY7462261-GTTTCTAAGTGAAGTT,4.142358,10.638208
4861STDY7462261-TACTTACTCCTATGTT,4.7627497,10.768593
4861STDY7462261-TACTTGTCAATGACCT,4.186126,10.556844
4861STDY7462261-TATCTCACATCGACGC,4.533749,10.689447
4861STDY7462261-TCGAGGCGTAGGACAC,4.1344457,10.421591
4861STDY7462261-TCTATTGTCACTTATC,4.6535525,10.836699
4861STDY7462261-TGAGCCGGTGGTAACG,4.193369,10.879485
4861STDY7462261-TGATTTCCAAGAGTCG,4.823662,-2.4277263
4861STDY7462261-TGATTTCCATAGAAAC,4.5218916,10.4622135
4861STDY7462261-TGCCAAACAGCCACCA,5.0014315,-2.4652505
4861STDY7462261-TGCCAAAGTTCAGACT,4.194467,10.494813
4861STDY7462261-TGTATTCTCGTCTGCT,4.60943,10.6328745
4861STDY7462261-TTAGTTCCACAGCCCA,-5.612252,-5.777671
4861STDY7462261-TTCTACAAGATGTCGG,-3.817398,2.0167532
4861STDY7462261-TTCTCAAAGCCGGTAA,5.1228957,11.115609
4861STDY7462261-TTGAACGTCGGTCCGA,4.771378,10.734355
4861STDY7462261-TTGACTTTCCAAATGC,-4.6442175,9.0901985
4861STDY7462262-AACTGGTAGATCCCAT,4.340182,10.611381
4861STDY7462262-AACTGGTTCACTTCAT,4.571063,10.530293
4861STDY7462262-ACACTGATCAAAGACA,4.5723047,10.548897
4861STDY7462262-ACGTCAAGTTACGACT,4.056818,10.597454
4861STDY7462262-AGCGTATGTATTCTCT,5.497223,-4.1984334
4861STDY7462262-AGGCCGTTCAGATAAG,4.7900205,10.52175
4861STDY7462262-AGGGTGATCCATGAAC,4.2121077,10.419406
4861STDY7462262-ATCATCTCACTCTGTC,4.174973,10.764735
4861STDY7462262-ATGTGTGGTCAACTGT,4.6808553,10.783971
4861STDY7462262-CAAGTTGGTTCCACTC,4.627108,10.712075
4861STDY7462262-CACATAGGTTCCATGA,-3.3074894,-0.18695854
4861STDY7462262-CACATAGGTTCCTCCA,4.39947,10.860019
4861STDY7462262-CAGAGAGAGGGTGTGT,4.844818,10.867079
4861STDY7462262-CATCCACTCGTTGACA,5.274414,12.152993
4861STDY7462262-CATGACAAGCTAGCCC,-6.871398,-5.4725456
4861STDY7462262-CCAATCCCACCCTATC,-6.352369,-6.1911287
4861STDY7462262-CCGTACTTCTTAGCCC,-5.056751,-6.934019
4861STDY7462262-CCTACACGTCTAGCGC,4.327097,10.512
4861STDY7462262-CGACTTCTCGTTTAGG,4.278044,10.670264
4861STDY7462262-CGAGCCACACCAGGTC,4.320779,10.505151
4861STDY7462262-CGCTTCAGTCTCTTAT,4.279742,10.425283
4861STDY7462262-CTAACTTCAAACCCAT,4.7954826,10.680283
4861STDY7462262-CTAATGGCACGGATAG,5.4865804,12.3180895
4861STDY7462262-CTAGAGTCATTCCTCG,5.3297772,11.829328
4861STDY7462262-CTCGGAGCATCACAAC,5.1719966,-1.7030644
4861STDY7462262-CTTACCGAGTCTCGGC,4.455316,10.548885
4861STDY7462262-GAACATCGTTGAGGTG,4.31929,10.683978
4861STDY7462262-GACGTTATCACCCTCA,4.865374,10.825704
4861STDY7462262-GATCTAGTCATAAAGG,4.1120424,-6.887174
4861STDY7462262-GATTCAGGTCCTGCTT,4.521373,10.543347
4861STDY7462262-GGATGTTCACGAGGTA,4.596088,10.481834
4861STDY7462262-GGGACCTAGGGTTCCC,4.636477,10.944016
4861STDY7462262-GGGATGAGTCGAAAGC,-5.647658,-1.4824181
4861STDY7462262-GGGCATCAGATGAGAG,4.915994,10.852762
4861STDY7462262-GGGTCTGAGGATATAC,4.5604777,10.596043
4861STDY7462262-GTCAAGTGTCTTGTCC,4.661801,10.696225
4861STDY7462262-GTCGGGTTCGCGTTTC,4.278905,10.653242
4861STDY7462262-GTGCATATCAGAAATG,-7.0794187,-5.679986
4861STDY7462262-GTGCGGTAGACTACAA,-5.8542275,-5.533767
4861STDY7462262-GTTTCTAGTTGTTTGG,-7.9521327,-2.6865168
4861STDY7462262-TAAACCGTCAGTCAGT,5.0261383,10.651015
4861STDY7462262-TACAGTGTCACTTATC,4.5297985,10.746878
4861STDY7462262-TAGCCGGCATGATCCA,-5.6232624,-2.3945308
4861STDY7462262-TGCCAAAAGCCACGCT,4.680026,10.770634
4861STDY7462262-TTATGCTGTGCAACGA,4.4578195,11.066684
4861STDY7462262-TTCCCAGCATTTCAGG,-0.51910424,-5.4670773
4861STDY7462263-ACACCCTTCCCTTGCA,4.3326244,10.67601
4861STDY7462263-ACAGCCGAGTTCGATC,5.1626077,12.025368
4861STDY7462263-ACATACGGTACGCTGC,4.783003,12.506719
4861STDY7462263-ACCGTAAGTTACGCGC,-5.9919252,-2.6181686
4861STDY7462263-ACGATACGTGCTGTAT,4.3929763,10.5327015
4861STDY7462263-AGAGCGAGTTCCCTTG,4.092601,10.390732
4861STDY7462263-AGAGTGGCACTATCTT,5.210739,11.634453
4861STDY7462263-AGATTGCCAGCATACT,4.620037,10.918055
4861STDY7462263-AGCGTATAGAGCTTCT,4.2334814,10.479243
4861STDY7462263-ATCCGAAGTCATATGC,4.315417,10.665654
4861STDY7462263-CAAGTTGAGCGATATA,4.770385,11.014698
4861STDY7462263-CACCACTAGCGATAGC,4.1531234,10.671348
4861STDY7462263-CATTCGCGTGTTAAGA,4.321443,10.710403
4861STDY7462263-CCCTCCTTCATGTAGC,5.237183,11.416119
4861STDY7462263-CCGGTAGAGGCTCTTA,4.40593,10.4672365
4861STDY7462263-CGAATGTGTGCGCTTG,4.1444187,10.526814
4861STDY7462263-CGAGAAGAGTAGGTGC,4.5903363,10.623164
4861STDY7462263-CGTCAGGAGCGGATCA,4.8281026,10.748074
4861STDY7462263-CGTCCATGTTGGTTTG,4.7649655,-6.3130264
4861STDY7462263-CGTCTACGTGTTGGGA,-8.812489,-2.2391577
4861STDY7462263-CTCGTACGTGACTACT,4.4878435,10.928589
4861STDY7462263-CTGCCTAAGATCTGCT,-3.9368138,-6.8188314
4861STDY7462263-CTGGTCTGTATTAGCC,4.37188,10.485308
4861STDY7462263-GCGAGAATCGTTTAGG,4.244902,10.699509
4861STDY7462263-GCTTCCATCTTTAGTC,5.2845035,-1.5118753
4861STDY7462263-GGAACTTGTCTAGGTT,4.147547,10.60697
4861STDY7462263-GGACAGAAGGAATCGC,4.213967,10.781362
4861STDY7462263-GGCGACTTCTCGGACG,4.7095428,10.872154
4861STDY7462263-GGCGTGTAGATATACG,-3.0487027,0.07723048
4861STDY7462263-GTACGTACATCGATGT,-5.1021304,9.18087
4861STDY7462263-GTCTTCGCACGGATAG,4.567196,10.476493
4861STDY7462263-TATCAGGCACTAAGTC,4.494551,10.601926
4861STDY7462263-TCGGTAATCTCTTATG,4.7303934,10.545672
4861STDY7462263-TCTGAGAGTCTCAACA,4.3780484,10.329938
4861STDY7462263-TGCACCTAGGAGTTGC,-3.2692113,0.81395113
4861STDY7462263-TGCCAAATCTATCCCG,5.2239885,12.179056
4861STDY7462263-TGGGAAGCAATCCGAT,4.2355547,10.440891
4861STDY7462263-TGTCCCAGTGTTGGGA,4.0940356,10.45264
4861STDY7462263-TTCTCCTGTGGTCCGT,5.186405,12.449147
4861STDY7462264-AACTCCCTCTTTACAC,3.7345166,-7.9449906
4861STDY7462264-ACACTGACAAGGGTCA,-2.986688,-5.759664
4861STDY7462264-ACGAGCCGTATGGTTC,-6.269524,-6.0955405
4861STDY7462264-AGAGCGATCCTCCTAG,-6.432864,-6.083047
4861STDY7462264-AGTGTCACAAACGCGA,4.9895215,10.813767
4861STDY7462264-AGTGTCACACAGATTC,4.3272185,10.546863
4861STDY7462264-ATGAGGGTCTTCGGTC,4.4560175,10.604527
4861STDY7462264-CACCACTGTGGTCCGT,4.201997,10.608657
4861STDY7462264-CAGTAACGTAATCGTC,6.1110554,-5.048269
4861STDY7462264-CGAGAAGGTCCAAGTT,4.420691,10.59518
4861STDY7462264-CTGCTGTCATCGATTG,4.6348534,10.67824
4861STDY7462264-GACCAATGTTCGTCTC,4.5210576,10.719288
4861STDY7462264-GCACTCTTCCGATATG,4.307582,10.790819
4861STDY7462264-GCATGTAAGTAATCCC,4.5139384,10.414692
4861STDY7462264-GCTTCCACACCGAAAG,5.269818,12.083033
4861STDY7462264-GGAATAAAGAGAGCTC,4.9978642,10.948196
4861STDY7462264-GGACAAGCACACCGAC,4.940237,10.37134
4861STDY7462264-GTGTTAGCACCCAGTG,4.3625865,10.810711
4861STDY7462264-GTTAAGCCACGCATCG,4.279564,10.6597185
4861STDY7462264-GTTAAGCTCCAAGCCG,4.149178,10.438036
4861STDY7462264-TAGACCAAGGTAGCTG,4.7719865,10.959422
4861STDY7462264-TCTCTAATCGTGGGAA,1.597257,-8.1135645
4861STDY7462264-TGAAAGACACATTCGA,2.5602033,-5.5459867
4861STDY7462264-TGATTTCCACTACAGT,4.111714,10.549752
4861STDY7462264-TGCACCTTCACAAACC,-7.8931737,-2.3544147
4861STDY7462264-TTGGCAACATGTAAGA,4.201127,10.586403
4861STDY7462264-TTTATGCGTCTCACCT,4.319257,11.069921
4861STDY7528585-ACTGTCCTCTTCCTTC,-5.8048663,-7.273583
4861STDY7528585-ATAGACCCAGTGACAG,-3.2564297,-6.207048
4861STDY7528585-ATGCGATGTTCAGGCC,4.495453,10.698102
4861STDY7528585-CTCACACCATTGCGGC,-3.070247,-0.3109309
4861STDY7528585-CTCAGAAAGGCACATG,4.635779,10.777835
4861STDY7528585-CTGATCCTCGCCTGAG,4.368577,10.670081
4861STDY7528585-GGACAAGAGCTGATAA,-5.318723,-2.546134
4861STDY7528585-GGGTTGCGTTCCCGAG,-3.3616774,7.8094487
4861STDY7528585-TACTTACTCGGAATCT,-6.420891,-7.2913303
4861STDY7528585-TGAAAGAAGTGTACTC,-3.6150334,-0.4248282
4861STDY7528586-AAGGAGCTCATCTGTT,-4.7441497,8.160375
4861STDY7528586-ACACCCTAGCCCAATT,-5.885339,-3.280733
4861STDY7528586-ACACCCTCAGGATTGG,-5.7096972,-7.427453
4861STDY7528586-ACTGCTCCAAACTGCT,4.6440215,10.727127
4861STDY7528586-AGGCCACCAGTGAGTG,4.5450635,10.763958
4861STDY7528586-ATAAGAGGTCAGAAGC,-5.6615763,-6.34653
4861STDY7528586-CATCGGGAGACCTTTG,-4.993341,7.0717025
4861STDY7528586-CCTATTAAGCTCTCGG,4.518061,10.641405
4861STDY7528586-CTAGCCTCATTGCGGC,4.2781715,10.532351
4861STDY7528586-CTCGGGAGTTGAGTTC,2.44909,-8.466295
4861STDY7528586-GACTACAGTTGACGTT,5.000153,11.0664625
4861STDY7528586-GCAAACTCAGTTCCCT,4.742824,10.909185
4861STDY7528586-GCAGCCAAGGATGTAT,5.3516874,12.322007
4861STDY7528586-GGTGTTATCTGGTATG,4.458978,10.861826
4861STDY7528586-GTACGTAAGGAGCGAG,4.3770823,10.847148
4861STDY7528586-GTTACAGAGGTGGGTT,-5.4357295,1.2077968
4861STDY7528586-TAAGCGTGTTTGACAC,4.9729457,11.3199625
4861STDY7528586-TAGACCATCTGCTGCT,-5.163592,8.235776
4861STDY7528586-TCGTACCGTGTGCGTC,4.8786383,11.152268
4861STDY7528586-TGCTACCGTAAGTGGC,-1.5796131,-5.977606
4861STDY7528586-TGGGAAGGTAGCTTGT,5.1085715,11.236702
4861STDY7528586-TTCGGTCTCAGTTGAC,4.849121,11.062633
4861STDY7528586-TTGAACGAGCGTTGCC,5.4329867,12.412998
4861STDY7528587-ACACTGAAGTGACATA,-5.4589486,1.7409474
4861STDY7528587-AGAGTGGGTCATATGC,4.8889437,11.043844
4861STDY7528587-ATCCGAACATACTACG,4.670154,10.704069
4861STDY7528587-ATGAGGGAGCTCAACT,-5.035633,2.5453084
4861STDY7528587-CACATAGAGGCCCGTT,5.3643165,-5.178698
4861STDY7528587-CACCAGGCAGTTCATG,-2.3696759,-6.11619
4861STDY7528587-CCATTCGAGACTCGGA,4.2052593,10.48025
4861STDY7528587-CGAGCACGTGGAAAGA,4.0719543,10.777859
4861STDY7528587-CGATCGGCATGCAACT,-6.4834766,-6.579581
4861STDY7528587-CGATGGCCATTTCAGG,-5.9581494,-6.6503887
4861STDY7528587-GGGTCTGGTAAGAGAG,-4.925663,-6.5081677
4861STDY7528587-GTATCTTGTATGCTTG,4.6443825,10.6907215
4861STDY7528587-TCCCGATAGCGAAGGG,-5.988602,-6.7134786
4861STDY7528587-TGATTTCCAATGAATG,-6.193671,-2.6584828
4861STDY7528587-TGGTTAGAGCCGCCTA,4.641622,10.714256
4861STDY7528587-TTTACTGTCTGCCCTA,-5.838205,-6.4113827
4861STDY7528587-TTTCCTCTCGCAAGCC,4.390703,10.80102
4861STDY7528588-ACGATACTCGACAGCC,4.603238,10.779953
4861STDY7528588-CACACAATCTGTCTCG,-6.2938004,-7.3053393
4861STDY7528588-CACACTCAGCTGATAA,4.358135,10.887362
4861STDY7528588-CACCAGGTCCGTCATC,4.250249,10.656935
4861STDY7528588-CATCCACGTCACAAGG,-2.8928177,-6.301848
4861STDY7528588-CCGGGATTCTACCTGC,-3.7775826,-0.94778484
4861STDY7528588-CCGTGGAGTCAGTGGA,4.280631,10.540485
4861STDY7528588-CGACTTCCACGCTTTC,4.4173512,10.765923
4861STDY7528588-CGGAGTCTCTGGGCCA,-6.0022407,-6.8682675
4861STDY7528588-GGCCGATCACGAAATA,4.4515047,10.738379
4861STDY7528588-GTGTGCGAGTTTAGGA,4.260672,10.604004
4861STDY7528588-TCATTTGAGAACAACT,5.3292165,11.234862
4861STDY7528588-TCTGAGATCTTGAGGT,4.3658104,10.845724
4861STDY7528588-TGGTTCCCAGTCAGAG,4.8629313,10.959858
4861STDY7528588-TTTACTGCACGGCGTT,-6.1233964,-6.390782
4861STDY7528589-AAAGCAAAGAAGGGTA,4.773047,11.222462
4861STDY7528589-AACTCAGTCGTCACGG,4.8871818,10.61605
4861STDY7528589-ACGATGTCACTGTGTA,4.7070675,12.442244
4861STDY7528589-ACGGCCAAGATGAGAG,4.366808,10.414391
4861STDY7528589-AGAGCGAGTCAATACC,4.2814736,10.620293
4861STDY7528589-ATCTGCCGTCTGCCAG,6.1953754,-4.9770617
4861STDY7528589-ATTGGACGTACCGTTA,4.6877255,10.853112
4861STDY7528589-CATCGGGGTATGAAAC,-6.1345196,-7.482359
4861STDY7528589-CATGGCGAGAGTAAGG,4.6399126,10.650192
4861STDY7528589-CCTTTCTGTCATTAGC,4.551769,11.035997
4861STDY7528589-CGATCGGAGCTACCGC,4.811523,10.753339
4861STDY7528589-CGCTTCATCCACGTTC,4.976109,11.432448
4861STDY7528589-CGGACGTGTCAATGTC,5.188157,-1.6903392
4861STDY7528589-CGGACTGTCCAACCAA,-5.3762045,-6.846106
4861STDY7528589-CGTCAGGAGTGCAAGC,4.845387,10.658941
4861STDY7528589-CTCTGGTAGCTCCTCT,4.655925,10.934978
4861STDY7528589-GACCAATAGTGGAGTC,-6.344251,0.16453463
4861STDY7528589-GAGGTGAGTAGGAGTC,4.7177696,10.678068
4861STDY7528589-GATCGATTCGGAAACG,-6.4947696,1.5154804
4861STDY7528589-GATTCAGTCTTCCTTC,4.3503246,10.868922
4861STDY7528589-GCGCAGTTCATGCATG,0.9215709,-4.8963933
4861STDY7528589-GCGGGTTTCGGAAATA,-6.408392,-6.6184263
4861STDY7528589-GCTTGAAAGTTGAGTA,4.823377,10.895159
4861STDY7528589-GGTGTTACATCCTAGA,5.222787,11.354141
4861STDY7528589-GTACTTTAGACCTTTG,4.5600457,10.817571
4861STDY7528589-GTCGGGTCAGGATTGG,4.606589,10.406755
4861STDY7528589-GTCTTCGTCTCCAACC,-7.2469144,-5.6287684
4861STDY7528589-TCATTACCAGTGGGAT,4.3759394,10.9563
4861STDY7528589-TGAGAGGAGGCGACAT,4.7494335,11.033217
4861STDY7528589-TGCGGGTAGTAGTGCG,5.0624256,11.035996
4861STDY7528589-TGGTTCCCATTACCTT,5.020172,10.917297
4861STDY7528589-TTCCCAGGTCGCATCG,4.804502,11.192428
4861STDY7528589-TTTACTGAGAAACGAG,4.848393,-2.1508467
4861STDY7528590-AAAGCAAAGCCACTAT,4.4317393,10.639147
4861STDY7528590-AAAGTAGTCGCGTTTC,-6.4229894,-2.0156302
4861STDY7528590-AACACGTCACTGAAGG,5.3848834,12.203171
4861STDY7528590-AAGCCGCAGTACGTAA,4.7953787,10.794142
4861STDY7528590-AATCCAGCACGTAAGG,5.2301702,10.940373
4861STDY7528590-ACAGCCGTCGACCAGC,4.4397316,10.489918
4861STDY7528590-ACTTTCAAGATGTGGC,-7.0797915,-6.1780725
4861STDY7528590-ATGTGTGAGGCGACAT,4.685098,10.861507
4861STDY7528590-CACTCCACACGCGAAA,-4.647336,1.6154498
4861STDY7528590-CCTACCATCGTTACGA,-4.411949,-6.209136
4861STDY7528590-CCTAGCTAGGAACTGC,4.544624,10.754213
4861STDY7528590-CGACCTTTCAAACGGG,-6.584488,-6.319468
4861STDY7528590-CGCTATCCACTTAACG,4.4391756,10.693606
4861STDY7528590-CGGACACAGGGTGTTG,4.504091,10.685932
4861STDY7528590-CGGTTAATCTGGAGCC,5.4357305,12.247435
4861STDY7528590-CGTTGGGTCACAGGCC,4.743987,10.827706
4861STDY7528590-CTGCCTAAGAGTCGGT,4.6192737,10.420054
4861STDY7528590-CTTAGGACACAAGCCC,4.7044463,10.645346
4861STDY7528590-GGGACCTCAATGACCT,-3.5865395,-1.0575196
4861STDY7528590-GGGCACTCACGGCTAC,4.3422017,10.762861
4861STDY7528590-GGTGAAGGTAGCACGA,4.1591983,10.668507
4861STDY7528590-GTATTCTAGTTGCAGG,4.8222303,10.770481
4861STDY7528590-TACAGTGGTTTCGCTC,4.7337117,10.93511
4861STDY7528590-TGAGGGAAGGCTCATT,2.67384,-5.6893806
4861STDY7528590-TTTATGCTCTGAGGGA,5.7450786,9.388799
4861STDY7528591-AACGTTGGTTTGTGTG,-3.4466295,-6.2683992
4861STDY7528591-ACGGCCATCCGTAGTA,4.385631,10.518795
4861STDY7528591-ACTGATGAGAGTCGGT,4.7479296,11.059708
4861STDY7528591-AGCATACAGGGAGTAA,4.763616,10.573021
4861STDY7528591-AGTTGGTAGTACGCGA,5.283405,12.177974
4861STDY7528591-ATCTGCCAGATCACGG,5.308382,12.186397
4861STDY7528591-ATTTCTGAGGCCATAG,-5.7778497,-7.266237
4861STDY7528591-CAACCTCGTGTTGAGG,4.624932,10.792497
4861STDY7528591-CAAGTTGTCATCGATG,-6.943735,-5.32791
4861STDY7528591-CACCTTGTCGCGGATC,-4.769341,-0.57623875
4861STDY7528591-CAGAATCAGAGAGCTC,-5.5226927,-6.486659
4861STDY7528591-CAGATCATCTCGCATC,-6.750819,-6.6008606
4861STDY7528591-CAGCTAACATGCCCGA,4.463399,10.75605
4861STDY7528591-CAGTAACTCCAATGGT,4.8447495,10.8285475
4861STDY7528591-CATGCCTTCATGCATG,-5.2623105,-7.5180445
4861STDY7528591-CCCAGTTAGTGTTTGC,-6.700839,-3.5471287
4861STDY7528591-CCGGGATTCTTGTACT,-6.471426,-6.3557625
4861STDY7528591-CCTACCAAGCTAAGAT,5.307746,11.288995
4861STDY7528591-CCTTTCTAGTTAGCGG,4.583793,11.0793915
4861STDY7528591-CGGCTAGTCAATCACG,4.108182,10.773411
4861STDY7528591-CGTCACTCAGGATTGG,5.031677,11.260512
4861STDY7528591-CGTCAGGAGCTACCGC,5.7743144,9.402699
4861STDY7528591-CTACCCAGTAAGTAGT,4.6500688,10.89276
4861STDY7528591-CTCACACGTCACAAGG,4.6967134,10.573136
4861STDY7528591-CTCAGAAGTACAGTTC,5.558426,-5.190145
4861STDY7528591-CTCAGAAGTGAAAGAG,-2.205053,-5.1616993
4861STDY7528591-GACGTTATCATTCACT,4.6705236,10.671716
4861STDY7528591-GACTGCGAGATATGGT,4.5211716,12.722986
4861STDY7528591-GATGAGGCATCCGTGG,4.6967726,10.682781
4861STDY7528591-GCAAACTCAAGCCGCT,-9.1826515,-3.2928133
4861STDY7528591-GCAATCACAGCCTGTG,-5.5954337,-1.8178906
4861STDY7528591-GCGGGTTCATGTAAGA,2.0045986,-7.6910286
4861STDY7528591-GCTGCTTCAGGCTCAC,-5.9431243,-6.734853
4861STDY7528591-GTATTCTAGTATCGAA,4.883294,10.846668
4861STDY7528591-TACCTATAGGCTAGGT,5.533419,-4.7304044
4861STDY7528591-TACCTTATCTGTGCAA,4.307339,10.762167
4861STDY7528591-TACGGGCGTCGGGTCT,4.5479,10.62484
4861STDY7528591-TAGACCATCGTTGCCT,5.54592,12.378609
4861STDY7528591-TCACGAAGTAGCCTAT,4.580134,10.772371
4861STDY7528591-TCTTCGGCAGGTCGTC,4.351938,10.68326
4861STDY7528591-TTGAACGCACGGATAG,4.308092,10.700035
4861STDY7528591-TTTGTCATCTTGTACT,4.739141,10.842364
4861STDY7528592-AGCTTGAAGCTCCCAG,5.270213,10.657118
4861STDY7528592-AGTGAGGCACCATCCT,4.343787,10.635596
4861STDY7528592-ATAAGAGAGGCTATCT,-3.9469585,-0.27136287
4861STDY7528592-ATTTCTGAGCCAGGAT,-6.3687434,-6.668065
4861STDY7528592-CAGCATACATCGGAAG,4.7399025,10.750612
4861STDY7528592-CCGTGGAGTTCAACCA,-7.1584334,-6.0746083
4861STDY7528592-CCGTTCAGTCATTAGC,3.4858189,-5.9021845
4861STDY7528592-CCTACACAGCCGGTAA,4.366114,10.794268
4861STDY7528592-CGAACATTCCACTGGG,3.3196127,-8.636813
4861STDY7528592-CGAATGTGTTTAAGCC,4.888766,10.796545
4861STDY7528592-CGCGGTATCCGCGGTA,4.5572104,10.818616
4861STDY7528592-CGGAGCTCACGACTCG,1.7180264,-7.252472
4861STDY7528592-CGGAGTCGTAGTACCT,5.1117587,11.34627
4861STDY7528592-CTTCTCTGTCTCTTAT,-5.1832914,-6.8392744
4861STDY7528592-GACTGCGGTTCAGTAC,5.381344,-5.0693374
4861STDY7528592-GCATACAGTCGAGATG,2.2744453,-7.780336
4861STDY7528592-GCTCTGTCACAAGACG,6.0765486,-4.4375935
4861STDY7528592-GCTGCAGTCAGTACGT,4.2908845,10.667335
4861STDY7528592-GGATGTTTCAATACCG,4.5523725,10.835927
4861STDY7528592-GGCTCGATCCCAAGTA,5.386887,-4.2926345
4861STDY7528592-GGGAATGGTCCGAAGA,4.7074175,10.759453
4861STDY7528592-GGGAGATGTGTCCTCT,4.517116,10.685964
4861STDY7528592-GGGATGATCAAACGGG,4.3915277,10.627075
4861STDY7528592-GTGCGGTCATATACGC,4.786644,10.955522
4861STDY7528592-GTTAAGCAGACGACGT,4.8894916,11.260457
4861STDY7528592-GTTAAGCCAAGCCTAT,4.749333,-2.26038
4861STDY7528592-TACAGTGAGGCCATAG,4.689342,11.229723
4861STDY7528592-TACCTATGTGAGTATA,4.4299664,10.544934
4861STDY7528592-TCATTTGGTCTTGATG,4.72571,-4.3564463
4861STDY7528592-TCGCGTTGTATGAAAC,4.814765,11.136803
4861STDY7528592-TGCTGCTTCATAGCAC,-3.7967207,-2.1131885
4861STDY7528592-TTAGTTCCAGCGTTCG,4.8165927,10.489932
4861STDY7528592-TTTACTGAGCCTATGT,-6.779909,1.702265
5478STDY7935100-ATCATGGGTGCAGACA,-5.4704356,-0.66117555
FCAImmP7198432-AATCGGTAGCGTGTCC,-3.577179,-0.8570548
FCAImmP7198432-AATCGGTAGGCATGTG,-6.4548564,1.9059663
FCAImmP7198432-ACATGGTAGGGTCGAT,-7.1640697,9.195284
FCAImmP7198432-ACGAGGAGTGGCAAAC,-4.9083962,8.5966015
FCAImmP7198432-ACTGATGTCCTTCAAT,-5.1997023,-4.64369
FCAImmP7198432-AGGCCGTTCGTCGTTC,-5.825173,2.079514
FCAImmP7198432-AGGGAGTCACATCTTT,-3.9222314,-1.4691808
FCAImmP7198432-CAGCAGCTCGGCCGAT,-3.4589338,4.0510235
FCAImmP7198432-CCTACACTCGCCATAA,-6.040294,-5.96171
FCAImmP7198432-CCTATTAAGGTCATCT,-5.9437885,-3.828753
FCAImmP7198432-CGTCAGGCATAACCTG,-5.069055,-5.5911045
FCAImmP7198432-CTGATAGTCGTAGGTT,-8.850467,-0.8561676
FCAImmP7198432-CTGATCCAGCCACCTG,-6.1386275,0.63292766
FCAImmP7198432-CTGGTCTTCTTAGCCC,-5.115774,5.9926896
FCAImmP7198432-GAAGCAGTCTGCGGCA,-8.941755,-0.53211904
FCAImmP7198432-GACGGCTTCTGGTTCC,-4.500617,5.487484
FCAImmP7198432-GATGAGGGTATTCGTG,-6.5456514,7.3620358
FCAImmP7198432-GGACAAGAGCCACCTG,-5.100076,4.447307
FCAImmP7198432-GGAGCAATCGTTGCCT,-5.2102265,-5.221561
FCAImmP7198432-TAAGAGAGTGGTGTAG,-3.270148,-6.0093894
FCAImmP7198432-TAAGCGTGTCCAGTTA,-4.670922,8.065202
FCAImmP7198432-TACCTTAGTATGAATG,-8.899929,-2.2259254
FCAImmP7198432-TGGCTGGAGACTTTCG,-6.1892715,3.798253
FCAImmP7198432-TTCTCCTTCAGCTTAG,-5.072037,-6.3744054
FCAImmP7851890-AGCATACCAAGAGGCT,-8.311314,-2.3120222
FCAImmP7851890-ATAGACCAGGATTCGG,-6.8305764,-4.6004357
FCAImmP7851890-ATCATCTGTCCTAGCG,-7.0569997,2.6119907
FCAImmP7851890-CGCTGGATCTCCGGTT,-5.3958993,2.3728175
FCAImmP7851890-CTGAAACAGTTGAGTA,-7.635175,-0.63336855
FCAImmP7851890-CTGCGGAAGATGGGTC,-7.4289217,9.485008
FCAImmP7851890-GACTGCGTCTAACTCT,-5.997189,2.6626377
FCAImmP7851890-GCGAGAAAGGCATGGT,-4.8248463,-6.6266103
FCAImmP7851890-GCGCAACGTGATGTCT,-3.9225318,2.5865846
FCAImmP7851890-GCGGGTTGTAGCGTGA,-4.6223855,0.53389347
FCAImmP7851890-GCTCCTACATTCACTT,-6.499344,1.1095239
FCAImmP7851890-GCTCCTAGTTAAGTAG,-6.4642515,-4.7651343
FCAImmP7851890-GGACAGACAGTGACAG,-4.579482,0.14316104
FCAImmP7851890-GTAACTGCACCGGAAA,-7.296778,9.2808695
FCAImmP7851890-GTACTTTAGTGGCACA,-5.400659,-0.43860203
FCAImmP7851890-GTGCATAGTTGCCTCT,-0.32031593,-5.925256
FCAImmP7851890-TAAGTGCAGTCGATAA,1.168603,-3.8441706
FCAImmP7851890-TATCTCAAGCACCGTC,3.966082,-6.7054243
FCAImmP7851890-TATGCCCCAGGGTATG,-5.640226,-6.8763967
FCAImmP7851890-TGCGTGGGTCAACTGT,5.32302,10.926312
FCAImmP7851891-ACAGCCGAGTGAATTG,-9.0592785,-2.7599602
FCAImmP7851891-ACAGCTACAAATACAG,-9.349857,-3.0468228
FCAImmP7851891-ACCCACTTCCGTAGGC,-4.0313854,5.8862205
FCAImmP7851891-AGCGTCGCACATCCGG,-7.2526283,-0.6128114
FCAImmP7851891-ATTGGTGCAAGAAAGG,-4.9220724,0.69047534
FCAImmP7851891-CAAGAAACACCGTTGG,-3.8513625,1.1646922
FCAImmP7851891-CACCACTTCTTTAGTC,-4.808716,7.6083627
FCAImmP7851891-CCTACACAGTTGTAGA,-8.563759,-2.1675858
FCAImmP7851891-CCTAGCTCACGCCAGT,-7.8770685,8.351233
FCAImmP7851891-CGATCGGTCAACGAAA,-6.725767,-5.15763
FCAImmP7851891-CGGGTCAAGAGGACGG,-5.483229,-1.5802072
FCAImmP7851891-CGGGTCAAGAGTCTGG,0.42021734,-5.58212
FCAImmP7851891-CGTTAGAGTTGATTGC,0.5978205,-5.9485025
FCAImmP7851891-CTAACTTGTAAACGCG,-3.870436,-1.3532006
FCAImmP7851891-GATCGATGTATCTGCA,-4.6580734,1.2034699
FCAImmP7851891-GATCTAGCAGTTCCCT,-4.8691616,1.5540799
FCAImmP7851891-GCATGTACAAAGTGCG,-8.231689,-0.6781607
FCAImmP7851891-GGACAGAAGAAACCGC,-5.7646728,-1.6355046
FCAImmP7851891-GGCTGGTAGATACACA,-6.197154,3.105187
FCAImmP7851891-TAAGAGAAGATGTCGG,-4.121684,1.2735461
FCAImmP7851891-TACCTATAGACTCGGA,-4.0737453,-5.971155
FCAImmP7851891-TACCTATAGGCAAAGA,-4.6413603,-5.570718
FCAImmP7851891-TCAATCTTCTCCAACC,-5.5375156,-2.444989
FCAImmP7851891-TGCGGGTTCGTTTAGG,-2.9736164,0.86829025
FCAImmP7851891-TGCTACCTCAACGGCC,0.48771757,-6.0744195
FCAImmP7851891-TGCTGCTAGCCACTAT,-5.774511,0.38445744
FCAImmP7851891-TTTGGTTAGATGTGGC,-6.7481456,9.148618
FCAImmP7851892-AAAGATGGTTTCCACC,4.053194,-6.5149345
FCAImmP7851892-AACACGTCAAGGACTG,-5.7324066,-5.469135
FCAImmP7851892-ACCAGTAGTATCACCA,-5.405962,-5.71398
FCAImmP7851892-ACGAGGATCATTGCGA,-4.2475233,4.4311137
FCAImmP7851892-AGAGTGGCAGTCACTA,-6.124744,-5.868983
FCAImmP7851892-AGCTTGAAGTCCCACG,-6.575554,-5.631634
FCAImmP7851892-AGCTTGATCCCAACGG,5.517597,12.020487
FCAImmP7851892-AGTTGGTTCGCGCCAA,0.69981086,-5.1521316
FCAImmP7851892-ATAGACCTCATCGGAT,-7.0270834,0.21109222
FCAImmP7851892-CACCAGGCAAGCTGAG,0.35291004,-7.6142054
FCAImmP7851892-CAGTCCTGTCCATCCT,-3.8987274,0.0027441855
FCAImmP7851892-CGATGGCAGTACTTGC,3.7545037,-4.8214407
FCAImmP7851892-CGCGGTAAGTTGTAGA,-0.21491908,-6.7357574
FCAImmP7851892-CGCTATCTCTCTTGAT,3.6319098,-4.847191
FCAImmP7851892-CGGACTGGTGTGCCTG,-4.803884,-6.5481744
FCAImmP7851892-CTCCTAGGTCCAGTTA,-6.740162,-3.878466
FCAImmP7851892-GATCGATTCAGCTTAG,2.250003,-7.036713
FCAImmP7851892-GCTCCTAAGGCTATCT,2.705126,-7.0937634
FCAImmP7851892-GCTGGGTTCTGATTCT,-9.646513,-2.061699
FCAImmP7851892-GCTTGAATCCAGAGGA,-6.9463143,-5.0420732
FCAImmP7851892-GGCCGATGTACTCGCG,-2.0139797,7.6106896
FCAImmP7851892-GGCTCGAGTAAACGCG,5.5806985,11.599112
FCAImmP7851892-GGTGCGTAGGGCTCTC,0.7795756,-6.309682
FCAImmP7851892-GTCGGGTTCTTACCGC,5.155084,11.735332
FCAImmP7851892-TCAGCTCCATACTACG,3.0880897,-5.816361
FCAImmP7851892-TCCACACAGTGTCCCG,-6.6091924,1.441957
FCAImmP7851892-TGACTTTCAGAAGCAC,-5.018001,-1.3932706
FCAImmP7851892-TGATTTCAGCAAATCA,0.7312244,-2.501336
FCAImmP7851892-TGTATTCAGCGATTCT,4.777458,-5.3217993
FCAImmP7851892-TGTCCCAAGGATTCGG,-3.9436958,0.36265665
FCAImmP7851892-TTGACTTGTAGAGGAA,4.088017,-6.291503
FCAImmP7851892-TTGCCGTGTGACGCCT,-4.6626925,1.0580087
FCAImmP7851892-TTTACTGCAGATCGGA,-7.41409,-2.991769
FCAImmP7851893-ACTATCTAGACTTGAA,2.9216187,-4.259379
FCAImmP7851893-AGAGTGGAGCTAGTGG,0.059130557,-7.8015685
FCAImmP7851893-AGCATACAGCCATCGC,-2.4086864,-6.7501
FCAImmP7851893-ATGCGATGTTACTGAC,-4.3728356,0.90478593
FCAImmP7851893-CAGATCAGTAGCCTCG,-6.231669,3.8073509
FCAImmP7851893-CCGTGGATCACGACTA,-4.822931,-6.2280006
FCAImmP7851893-CCTACACAGCCAGGAT,-6.466591,-1.4775776
FCAImmP7851893-CGAGCCACATCGGAAG,-6.6189013,-4.580288
FCAImmP7851893-CGTGTAAGTCTAGCGC,2.9176998,-8.252418
FCAImmP7851893-GCAGTTATCAGGCAAG,5.2239866,10.98502
FCAImmP7851893-GCGACCAGTATTCGTG,-6.6224585,2.6725347
FCAImmP7851893-GGCGACTTCTTACCGC,-4.3265963,5.475797
FCAImmP7851893-GGCTGGTAGAGTACAT,-5.9019065,0.46508104
FCAImmP7851893-GGGTTGCAGGGCTCTC,-9.014413,-3.3672485
FCAImmP7851893-GTATTCTTCCAATGGT,-5.6262746,1.5569121
FCAImmP7851893-TACCTTAAGTACGCGA,-3.299763,-4.829614
FCAImmP7851893-TGAGCCGGTCTGCCAG,-7.545872,8.701341
FCAImmP7851893-TGCACCTTCGACCAGC,3.3710456,-2.0484078
FCAImmP7851893-TTCTCAAGTGCACGAA,3.658741,-5.907737
FCAImmP7851894-AACCATGCACAACGTT,1.7685566,-5.120097
FCAImmP7851894-ACCGTAAGTCGACTAT,-5.2441235,-6.568786
FCAImmP7851894-ACGTCAAAGCAACGGT,3.8329442,-7.583601
FCAImmP7851894-ACTGATGAGCTGAACG,-5.826007,-6.3970184
FCAImmP7851894-AGCGGTCAGACAGACC,4.117225,-7.419366
FCAImmP7851894-ATCGAGTTCACAGTAC,1.0953497,-5.47224
FCAImmP7851894-ATGGGAGAGACTAGAT,-9.98687,-2.780537
FCAImmP7851894-ATTGGACAGTGGTAGC,3.4642513,-4.544161
FCAImmP7851894-CAAGAAAAGTGTTGAA,5.64196,11.129099
FCAImmP7851894-CATATGGCAATTGCTG,3.7246532,-6.4451933
FCAImmP7851894-CATCAAGCAATGGAGC,-5.682959,-3.1048121
FCAImmP7851894-CCGGGATCACAGCCCA,2.399599,-7.784272
FCAImmP7851894-CGATCGGAGCCGGTAA,-4.9940505,1.3228989
FCAImmP7851894-CGTCTACGTTGCGCAC,-5.784682,-4.8288474
FCAImmP7851894-CGTGAGCAGATAGGAG,0.65665877,-2.608091
FCAImmP7851894-CGTGAGCAGTATCGAA,1.4729034,-7.0767536
FCAImmP7851894-CGTGTCTAGCAGCGTA,-6.219549,-0.09899113
FCAImmP7851894-CTCGGAGCAAACTGTC,-0.43889257,-7.034962
FCAImmP7851894-GACCAATTCCTTGGTC,3.3077276,-6.894617
FCAImmP7851894-GATTCAGAGCGATTCT,-4.282373,2.4324028
FCAImmP7851894-GCCAAATGTCGGCTCA,-4.2693806,2.117331
FCAImmP7851894-GCGGGTTGTGCGATAG,1.5026991,-7.663403
FCAImmP7851894-GTCTTCGCAGGGTATG,-5.340201,0.6182387
FCAImmP7851894-GTTACAGGTAGCTTGT,-1.9190773,-6.397337
FCAImmP7851894-TCAACGAAGATATGGT,-5.68684,-6.4917107
FCAImmP7851894-TCAGGATGTAAAGGAG,1.5427241,-4.9318147
FCAImmP7851894-TCGTACCCAAGTCTGT,5.5456004,11.307818
FCAImmP7851894-TCTTTCCGTTCACGGC,5.175237,10.811717
FCAImmP7851894-TTAGGCATCAGTTGAC,5.045616,-5.750338
FCAImmP7851894-TTCGGTCAGCTGCAAG,-6.2417088,3.4917583
FCAImmP7851895-AACCGCGGTAGCTCCG,1.5186771,-8.417815
FCAImmP7851895-ACTTTCATCGTACCGG,-0.19217494,-7.162915
FCAImmP7851895-AGTGGGAAGACTGGGT,-3.7344282,2.2781458
FCAImmP7851895-ATTATCCTCGCTGATA,5.609349,12.131874
FCAImmP7851895-ATTCTACGTAGCTTGT,4.623549,-4.17451
FCAImmP7851895-CACCTTGGTAGCTCCG,5.558024,10.914685
FCAImmP7851895-CAGAGAGCACTAGTAC,5.3322167,12.364786
FCAImmP7851895-CCATGTCGTCTGCGGT,5.6772146,10.788898
FCAImmP7851895-CTAACTTAGTCTCGGC,1.5517546,-6.966122
FCAImmP7851895-GAACATCCACATAACC,-6.3871346,-2.3712382
FCAImmP7851895-GACGCGTGTCCAACTA,-6.006053,-0.76563066
FCAImmP7851895-GCAAACTCAGTATGCT,-6.161529,-5.2821445
FCAImmP7851895-GGGAATGTCAGCACAT,-5.389415,4.6975965
FCAImmP7851895-GTTCTCGAGGCGACAT,-6.807954,0.04587767
FCAImmP7851895-TCAATCTAGGCATGTG,2.035129,-8.441473
FCAImmP7851895-TCGCGTTGTGCGATAG,-7.309556,1.0162716
FCAImmP7851895-TGACTAGTCCGATATG,0.9859457,-7.3132806
FCAImmP7851895-TGAGCATTCGTAGATC,4.4935083,12.655836
FCAImmP7851895-TGCGGGTAGGACTGGT,0.8192938,-2.5528324
FCAImmP7851895-TGTGGTACAAAGAATC,4.4118466,-5.1754827
Human_colon_16S7985396-AAAGTAGGTAGCCTAT,-6.1573815,-2.78062
Human_colon_16S7985396-AAGGTTCGTAGCGATG,-4.594887,-5.5675898
Human_colon_16S7985396-ACGCCAGTCTAACTGG,-7.6834655,8.22578
Human_colon_16S7985396-ACGGGCTCATGACATC,-6.603023,-4.5534267
Human_colon_16S7985396-AGGTCCGAGCTAAACA,-3.6943114,0.67123246
Human_colon_16S7985396-ATGCGATAGTCATGCT,-5.015493,2.6646776
Human_colon_16S7985396-CAGAATCGTCGATTGT,-6.346685,-1.9367282
Human_colon_16S7985396-CATATGGAGGGTTCCC,-5.199219,1.2746568
Human_colon_16S7985396-CCACGGACACTTACGA,4.3821936,12.527203
Human_colon_16S7985396-CCATTCGAGACTTTCG,-7.2083464,2.7749918
Human_colon_16S7985396-CCGGTAGAGTTCCACA,-9.986685,-2.8464324
Human_colon_16S7985396-CCGTGGACAAGGTTTC,-5.413085,-0.32001686
Human_colon_16S7985396-CCTATTATCTTGTCAT,-6.4592395,-5.7607965
Human_colon_16S7985396-CCTCAGTGTTATGCGT,-5.321722,-6.514621
Human_colon_16S7985396-CGGAGTCTCTTCAACT,-7.6144443,7.9317255
Human_colon_16S7985396-CTACCCACACGGATAG,-5.8363624,7.479006
Human_colon_16S7985396-CTACCCATCATACGGT,-5.7064533,2.5007813
Human_colon_16S7985396-CTCGTCAGTGGGTATG,-5.7119203,-5.804218
Human_colon_16S7985396-CTGAAGTAGACTAGGC,-8.604111,-2.6645632
Human_colon_16S7985396-CTGTTTATCCTGTAGA,-5.9667296,-6.742322
Human_colon_16S7985396-GAAATGACACATTTCT,-4.2522173,-5.611738
Human_colon_16S7985396-GCATACACATGTAGTC,-5.3860745,-4.5098786
Human_colon_16S7985396-GCCAAATTCGTATCAG,-5.7163653,2.9413495
Human_colon_16S7985396-GGAAAGCGTCTCCACT,-7.9847865,0.16484015
Human_colon_16S7985396-GGCCGATAGCAGCCTC,-5.8396926,5.000769
Human_colon_16S7985396-GGGAATGGTCTTCGTC,-6.810078,-5.281021
Human_colon_16S7985396-GGTGCGTGTTAAGGGC,-6.075462,-4.308191
Human_colon_16S7985396-GTCACAAGTTACTGAC,-4.024021,4.9123874
Human_colon_16S7985396-GTCACGGGTCTTCTCG,-4.319122,-6.529153
Human_colon_16S7985396-TAGGCATTCGTTTAGG,-4.5794945,-2.4746742
Human_colon_16S7985396-TATCTCACAAGGACAC,-3.3566725,-0.90740716
Human_colon_16S7985396-TCAGATGAGATGTTAG,-6.3832874,-0.25341043
Human_colon_16S7985396-TCTTCGGCATGTCGAT,-4.211331,3.4877086
Human_colon_16S7985396-TTAGTTCCATGAGCGA,-5.364232,7.5910754
Human_colon_16S7985396-TTCCCAGTCTAACTTC,-8.399272,-2.558303
Human_colon_16S7985397-ACTGAGTTCCTAGTGA,-5.330047,-6.0911555
Human_colon_16S7985397-ACTGATGTCTCTGCTG,-1.1575007,-5.3239627
Human_colon_16S7985397-GAATAAGCATGCAATC,-3.4089513,-1.429339
Human_colon_16S7985397-GCTCCTAAGAGACTAT,-7.193377,9.2557955
Human_colon_16S7985397-GGACATTCAGTAACGG,-5.873896,-4.7727647
Human_colon_16S7985397-GTCAAGTGTCAACTGT,0.77716035,-4.958513
Human_colon_16S7985397-TCAGATGGTACATGTC,-3.6988375,-6.456292
Human_colon_16S7985397-TGGCCAGTCAGGCCCA,-5.280685,-6.954156
T03_TH_TOT_5GEX_1_S1-ACGAGGATCAGTACGT,-4.7250524,5.360622
T03_TH_TOT_5GEX_1_S1-ACGGGCTCACCTCGGA,-3.484411,0.87607694
T03_TH_TOT_5GEX_1_S1-ACTATCTAGCGCCTTG,5.5388284,11.424512
T03_TH_TOT_5GEX_1_S1-ACTATCTGTCTTCGTC,-5.2755556,-1.9017111
T03_TH_TOT_5GEX_1_S1-ACTTTCAAGACTAGGC,1.6310601,-5.2626004
T03_TH_TOT_5GEX_1_S1-AGGTCATTCGTGACAT,2.9306948,-8.231999
T03_TH_TOT_5GEX_1_S1-CAGAGAGAGGGCTCTC,5.0780034,11.181844
T03_TH_TOT_5GEX_1_S1-CATCGGGTCATCTGCC,4.927694,-6.8264484
T03_TH_TOT_5GEX_1_S1-CCGTACTTCGGCCGAT,-8.688192,-0.8749384
T03_TH_TOT_5GEX_1_S1-CGACCTTGTTACGGAG,-4.001439,5.957191
T03_TH_TOT_5GEX_1_S1-CTAACTTAGACAGAGA,5.5457587,11.240742
T03_TH_TOT_5GEX_1_S1-CTCGAAATCGTGACAT,3.5934234,-6.1543207
T03_TH_TOT_5GEX_1_S1-CTGCGGACAAGCGCTC,-5.39627,5.8469214
T03_TH_TOT_5GEX_1_S1-GAATGAAAGCTACCTA,-8.508295,-1.3093219
T03_TH_TOT_5GEX_1_S1-GCTTGAAGTGATAAAC,1.9842097,-5.8542175
T03_TH_TOT_5GEX_1_S1-GGACAGATCAATCTCT,5.84433,11.163333
T03_TH_TOT_5GEX_1_S1-GGATTACAGACGCACA,4.6812444,10.76035
T03_TH_TOT_5GEX_1_S1-GTAGGCCAGTTTGCGT,1.6054077,-7.541971
T03_TH_TOT_5GEX_1_S1-GTGAAGGGTGCCTGGT,5.214303,12.103003
T03_TH_TOT_5GEX_1_S1-GTTCATTGTGACGCCT,2.433864,-5.745387
T03_TH_TOT_5GEX_1_S1-TAGAGCTGTTCATGGT,-4.9850235,-0.30805266
T03_TH_TOT_5GEX_1_S1-TGCCAAAGTGTTGGGA,4.990765,10.847301
T03_TH_TOT_5GEX_1_S1-TTCTACAAGTGCGTGA,-4.6081047,8.303715
T03_TH_TOT_5GEX_2_S2-AACTCAGCATCCTAGA,-8.729434,-1.0653032
T03_TH_TOT_5GEX_2_S2-AAGGCAGAGTGGTAGC,-2.348822,7.749131
T03_TH_TOT_5GEX_2_S2-AATCCAGGTCGAAAGC,4.172907,-4.7684593
T03_TH_TOT_5GEX_2_S2-ACCCACTCAATGGAAT,-5.74329,7.789222
T03_TH_TOT_5GEX_2_S2-ACTTGTTTCGGAGGTA,-4.4452295,2.891207
T03_TH_TOT_5GEX_2_S2-ATCTACTTCAAGGCTT,-0.4847842,-6.6843724
T03_TH_TOT_5GEX_2_S2-CACCACTTCGTGGTCG,-6.846325,-2.5176957
T03_TH_TOT_5GEX_2_S2-CAGATCATCCAGAAGG,4.0761886,-5.349063
T03_TH_TOT_5GEX_2_S2-CCAATCCAGACTAGGC,0.27606633,-7.0682974
T03_TH_TOT_5GEX_2_S2-CCACTACTCGCATGGC,-4.5837445,5.9288325
T03_TH_TOT_5GEX_2_S2-CCTACACTCGACCAGC,-6.913023,-4.022635
T03_TH_TOT_5GEX_2_S2-CCTTTCTGTCACCTAA,3.2482047,-5.7026267
T03_TH_TOT_5GEX_2_S2-CGAGAAGCATATGAGA,-5.506202,2.53737
T03_TH_TOT_5GEX_2_S2-CGCTATCTCTCAAGTG,-5.3666177,2.2458024
T03_TH_TOT_5GEX_2_S2-CGTAGGCGTCCGTTAA,5.320751,12.400711
T03_TH_TOT_5GEX_2_S2-CGTTGGGCAAGTTAAG,2.5815845,-6.3556485
T03_TH_TOT_5GEX_2_S2-CTGGTCTGTAATCACC,-8.349237,0.2995778
T03_TH_TOT_5GEX_2_S2-GACCTGGAGGGATACC,-8.593294,-3.4426804
T03_TH_TOT_5GEX_2_S2-GACGTGCGTAAATACG,-6.9139404,-4.09814
T03_TH_TOT_5GEX_2_S2-GCGGGTTTCTTACCTA,5.603144,10.924814
T03_TH_TOT_5GEX_2_S2-GGGACCTGTTCCACGG,-9.591353,-2.2296097
T03_TH_TOT_5GEX_2_S2-GGTGAAGCAGCATGAG,-4.4935164,-5.7489204
T03_TH_TOT_5GEX_2_S2-GTAACTGAGTAAGTAC,-5.0105505,-0.6264015
T03_TH_TOT_5GEX_2_S2-GTGCATAAGACGACGT,1.6934294,-5.975707
T03_TH_TOT_5GEX_2_S2-GTTAAGCCAATCCGAT,-5.2100353,-7.4963837
T03_TH_TOT_5GEX_2_S2-TCTGGAACACCCATGG,-8.221321,0.36764792
T03_TH_TOT_5GEX_2_S2-TGCGCAGAGCGACGTA,-9.249043,-1.6686994
T03_TH_TOT_5GEX_2_S2-TGCGGGTTCGCCAAAT,-6.0092974,-2.4934456
T03_TH_TOT_5GEX_2_S2-TGGGAAGAGGGTGTGT,5.484631,10.626671
T03_TH_TOT_5GEX_2_S2-TGTCCCAAGGAATCGC,1.3776692,-6.5305643
T03_TH_TOT_5GEX_2_S2-TTGCGTCTCAAAGTAG,-7.132995,-4.7924995
T03_TH_TOT_5GEX_2_S2-TTGGAACGTTGGTGGA,5.207567,12.473101
T06_TH_TOT_5GEX_1_S9-AAACGGGAGTTCCACA,-4.03283,-1.7211391
T06_TH_TOT_5GEX_1_S9-AACTCTTGTAGCCTAT,5.7165775,9.714825
T06_TH_TOT_5GEX_1_S9-AACTGGTAGAGGACGG,5.6367884,12.296425
T06_TH_TOT_5GEX_1_S9-ACATCAGAGGACATTA,-4.4087315,-0.375411
T06_TH_TOT_5GEX_1_S9-ACCAGTAGTCGGATCC,4.827532,10.970439
T06_TH_TOT_5GEX_1_S9-ACCGTAAGTTGGTTTG,-5.4373355,-0.3489329
T06_TH_TOT_5GEX_1_S9-ACGAGCCTCGACAGCC,1.8181487,-5.358923
T06_TH_TOT_5GEX_1_S9-ACGTCAAAGTTCGATC,-7.878704,1.0832535
T06_TH_TOT_5GEX_1_S9-AGTGGGAAGGATGCGT,0.24014333,-2.6224513
T06_TH_TOT_5GEX_1_S9-ATGAGGGCATGCAATC,-6.858116,2.7854476
T06_TH_TOT_5GEX_1_S9-ATTATCCCACGCTTTC,5.3734674,12.535917
T06_TH_TOT_5GEX_1_S9-CAAGATCAGAAACCGC,5.232163,12.185947
T06_TH_TOT_5GEX_1_S9-CACACCTGTAATAGCA,-0.5087181,-3.3841455
T06_TH_TOT_5GEX_1_S9-CACAGTAAGGAGTTGC,5.5355444,12.24951
T06_TH_TOT_5GEX_1_S9-CAGAATCAGTTACGGG,-8.018958,-3.4032
T06_TH_TOT_5GEX_1_S9-CATTCGCGTACGACCC,-5.052479,-0.8623796
T06_TH_TOT_5GEX_1_S9-CATTCGCTCCAGAGGA,5.0622897,10.991131
T06_TH_TOT_5GEX_1_S9-CCACTACTCCTCGCAT,1.9312159,-4.003353
T06_TH_TOT_5GEX_1_S9-CGATCGGAGAAGGACA,-3.002686,-0.38293433
T06_TH_TOT_5GEX_1_S9-CGATCGGGTTGCCTCT,5.668731,9.4829235
T06_TH_TOT_5GEX_1_S9-CGATTGATCCACGTTC,0.38092837,-6.428681
T06_TH_TOT_5GEX_1_S9-CGCGTTTAGGCCATAG,5.682566,12.044201
T06_TH_TOT_5GEX_1_S9-CGTTAGAAGGTTCCTA,0.23674938,-6.647885
T06_TH_TOT_5GEX_1_S9-CGTTCTGCAGGTGGAT,3.1763785,-8.895484
T06_TH_TOT_5GEX_1_S9-CTAACTTTCCGCTGTT,4.0387583,-6.7472186
T06_TH_TOT_5GEX_1_S9-CTCGTACTCGGCGCAT,4.9642167,10.975509
T06_TH_TOT_5GEX_1_S9-CTCGTCACATCACGAT,5.641098,9.758151
T06_TH_TOT_5GEX_1_S9-GAAACTCCATCCTAGA,1.9229825,-6.7159505
T06_TH_TOT_5GEX_1_S9-GAATAAGAGTTCGCGC,5.330222,12.412727
T06_TH_TOT_5GEX_1_S9-GATGAGGAGGGATCTG,5.130754,11.205855
T06_TH_TOT_5GEX_1_S9-GCGGGTTAGGCAGTCA,-6.7920527,-2.5239584
T06_TH_TOT_5GEX_1_S9-GGACATTCATGGTCTA,-5.305986,-6.424906
T06_TH_TOT_5GEX_1_S9-GGGCATCCACTCGACG,1.7127166,-5.942438
T06_TH_TOT_5GEX_1_S9-GGTATTGTCTGCCCTA,5.5861077,10.381514
T06_TH_TOT_5GEX_1_S9-GTCAAGTTCCGTAGGC,-7.655683,1.672361
T06_TH_TOT_5GEX_1_S9-GTGCGGTGTTCATGGT,2.9069712,-6.4055753
T06_TH_TOT_5GEX_1_S9-GTGGGTCGTATGCTTG,5.64415,11.400796
T06_TH_TOT_5GEX_1_S9-GTTAAGCTCTTGCATT,1.3542129,-6.7525544
T06_TH_TOT_5GEX_1_S9-TAAGTGCTCATTGCCC,1.5819267,-7.2098904
T06_TH_TOT_5GEX_1_S9-TACTCATTCGTCTGCT,5.56166,11.660668
T06_TH_TOT_5GEX_1_S9-TAGACCAAGGCTATCT,-0.4662553,-6.711882
T06_TH_TOT_5GEX_1_S9-TAGGCATTCCGAACGC,4.7593336,-6.5500665
T06_TH_TOT_5GEX_1_S9-TCATTACAGCCAGGAT,-6.4308558,-1.879312
T06_TH_TOT_5GEX_1_S9-TCATTTGTCAAACCGT,-5.6745086,-3.0721152
T06_TH_TOT_5GEX_1_S9-TGCCAAATCTTTAGTC,5.3361716,12.040887
T06_TH_TOT_5GEX_1_S9-TGCCCTAAGGAGTACC,-5.2152658,-1.114532
T06_TH_TOT_5GEX_1_S9-TGGTTAGCAGCAGTTT,4.7507234,-6.825901
T06_TH_TOT_5GEX_1_S9-TGTGGTAAGAGCTGCA,-5.645513,-2.2418518
T06_TH_TOT_5GEX_1_S9-TTGAACGAGGCTCTTA,-7.2263756,0.034829777
T06_TH_TOT_5GEX_2_S10-AAGGAGCAGTACGCGA,2.6963432,-6.2264495
T06_TH_TOT_5GEX_2_S10-ACCGTAACATGGTCTA,5.1711392,12.492659
T06_TH_TOT_5GEX_2_S10-ACGAGCCAGGACAGCT,-7.7269635,1.463508
T06_TH_TOT_5GEX_2_S10-AGAGTGGGTAGCAAAT,5.2096047,10.605995
T06_TH_TOT_5GEX_2_S10-ATCTACTCATGCATGT,3.7466931,-5.7661557
T06_TH_TOT_5GEX_2_S10-CATGGCGCACTGCCAG,2.615964,-6.437508
T06_TH_TOT_5GEX_2_S10-CATTCGCCAAACCTAC,1.2834269,-3.2778566
T06_TH_TOT_5GEX_2_S10-CATTCGCTCTTGTACT,3.7197864,-5.8764987
T06_TH_TOT_5GEX_2_S10-CCAATCCGTCCGTTAA,4.713988,10.774137
T06_TH_TOT_5GEX_2_S10-CCCAATCTCATCGATG,-3.5215,-7.0655155
T06_TH_TOT_5GEX_2_S10-CGAACATTCCGCAAGC,4.91684,11.101753
T06_TH_TOT_5GEX_2_S10-CGACCTTGTGAGTATA,5.586735,12.315035
T06_TH_TOT_5GEX_2_S10-CGACTTCCATTACCTT,5.2931743,12.086219
T06_TH_TOT_5GEX_2_S10-CGGAGCTTCATCGCTC,-6.253255,-2.18398
T06_TH_TOT_5GEX_2_S10-CGTCTACCAACGCACC,-4.6510916,3.0906386
T06_TH_TOT_5GEX_2_S10-CGTGAGCCAGGTGCCT,5.768546,12.090124
T06_TH_TOT_5GEX_2_S10-CGTGTAACATCCTAGA,-7.13139,0.57327455
T06_TH_TOT_5GEX_2_S10-CTAGTGAAGATCCCAT,-3.8269916,2.4801095
T06_TH_TOT_5GEX_2_S10-GCAATCATCCGGCACA,4.6591034,-5.5023956
T06_TH_TOT_5GEX_2_S10-GCATACATCCTTTCGG,5.57514,11.023927
T06_TH_TOT_5GEX_2_S10-GCCTCTACAGTAGAGC,-5.6941533,-7.5304494
T06_TH_TOT_5GEX_2_S10-GGAAAGCTCGCAAACT,-6.4269567,-3.246369
T06_TH_TOT_5GEX_2_S10-GGACAGAAGAGGTACC,-0.28069353,-3.36592
T06_TH_TOT_5GEX_2_S10-GGCTCGAAGCAGATCG,-8.098837,-1.5373614
T06_TH_TOT_5GEX_2_S10-GTACGTATCACAACGT,3.6916232,-8.36665
T06_TH_TOT_5GEX_2_S10-GTCACGGAGTCGTACT,5.060871,-2.4276998
T06_TH_TOT_5GEX_2_S10-GTCGGGTTCATATCGG,2.64309,-3.5111222
T06_TH_TOT_5GEX_2_S10-TAAGAGAAGACGCTTT,1.8837211,-5.1255307
T06_TH_TOT_5GEX_2_S10-TACTCGCTCTCAAGTG,3.3238564,-6.307195
T06_TH_TOT_5GEX_2_S10-TCATTTGTCATCATTC,-2.8212168,-6.9654374
T06_TH_TOT_5GEX_2_S10-TGCCAAATCTCGGACG,2.1014185,-6.910834
T06_TH_TOT_5GEX_2_S10-TGCCCTAGTTCCAACA,5.670101,9.670258
T06_TH_TOT_5GEX_2_S10-TGTGGTACAAGGCTCC,4.5095124,10.737137
T06_TH_TOT_5GEX_2_S10-TTCTACAGTGTGGTTT,-3.659138,1.4706244
T06_TH_TOT_5GEX_2_S10-TTGGCAAGTCCAAGTT,3.8997054,-3.8052669
T06_TH_TOT_5GEX_2_S10-TTGGCAATCTATGTGG,4.9471455,10.909886
T06_TH_TOT_5GEX_2_S10-TTTGGTTCAATCACAC,0.28651822,-4.024995
T06_TH_TOT_5GEX_2_S10-TTTGGTTGTAGATTAG,5.5713058,11.6572695
T06_TH_TOT_5GEX_3_S11-AACGTTGCATCCTAGA,5.5782647,11.034519
T06_TH_TOT_5GEX_3_S11-AAGACCTAGGCCGAAT,-4.170844,-7.2983294
T06_TH_TOT_5GEX_3_S11-AAGGAGCCAGCTGCAC,4.920051,10.904305
T06_TH_TOT_5GEX_3_S11-ACACCCTTCTGGAGCC,5.5785136,11.758327
T06_TH_TOT_5GEX_3_S11-ACACTGACACCCTATC,5.751208,10.561137
T06_TH_TOT_5GEX_3_S11-ACACTGAGTTTGCATG,5.61537,10.867335
T06_TH_TOT_5GEX_3_S11-ACCTTTATCGTCCGTT,-4.3435087,1.0770856
T06_TH_TOT_5GEX_3_S11-ACGCCGACACCAGCAC,4.963737,-3.3932872
T06_TH_TOT_5GEX_3_S11-ACTTACTAGGGATGGG,-5.981798,-0.6978719
T06_TH_TOT_5GEX_3_S11-AGCAGCCTCAGTCAGT,-6.516591,-3.0260487
T06_TH_TOT_5GEX_3_S11-AGGCCGTCACTCAGGC,5.6560473,10.076247
T06_TH_TOT_5GEX_3_S11-AGGCCGTTCCGAAGAG,4.7854757,12.743693
T06_TH_TOT_5GEX_3_S11-AGTGGGATCGTACGGC,5.4949713,10.73449
T06_TH_TOT_5GEX_3_S11-ATTACTCCATCACGAT,5.6423154,9.666565
T06_TH_TOT_5GEX_3_S11-CACCTTGAGTGTACTC,-4.898996,-7.352711
T06_TH_TOT_5GEX_3_S11-CACCTTGTCATCACCC,5.0671735,-3.789851
T06_TH_TOT_5GEX_3_S11-CAGATCAGTCATATCG,2.3773446,-5.791472
T06_TH_TOT_5GEX_3_S11-CAGCCGAAGGGAACGG,-4.720428,-1.4917796
T06_TH_TOT_5GEX_3_S11-CATCGGGGTGCACTTA,-3.4756274,-6.7078815
T06_TH_TOT_5GEX_3_S11-CATTCGCGTTGTTTGG,4.4014244,10.72571
T06_TH_TOT_5GEX_3_S11-CCCTCCTGTGCCTGCA,-4.1529045,-1.4231387
T06_TH_TOT_5GEX_3_S11-CCGTACTAGACTAGAT,-5.6629777,0.8843066
T06_TH_TOT_5GEX_3_S11-CCTCTGAAGACTAGAT,-4.4941263,-7.80756
T06_TH_TOT_5GEX_3_S11-CGAGAAGAGAGTACCG,4.72301,11.124934
T06_TH_TOT_5GEX_3_S11-CGTCAGGTCATTCACT,3.3037598,-8.807993
T06_TH_TOT_5GEX_3_S11-CGTGAGCGTATCACCA,-4.495078,-6.87501
T06_TH_TOT_5GEX_3_S11-CTGATAGGTAGAGCTG,2.4038563,-3.047256
T06_TH_TOT_5GEX_3_S11-CTGCGGAAGTACACCT,5.5942726,11.9060755
T06_TH_TOT_5GEX_3_S11-CTGCGGAAGTGTTGAA,-8.410778,-0.7525427
T06_TH_TOT_5GEX_3_S11-CTGCGGACACTTGGAT,-8.0293665,-2.8196409
T06_TH_TOT_5GEX_3_S11-CTGTGCTCAAGCGAGT,5.2557173,11.16989
T06_TH_TOT_5GEX_3_S11-CTTAGGAGTAGTAGTA,-5.1376023,-5.3553276
T06_TH_TOT_5GEX_3_S11-CTTGGCTGTCATCCCT,5.3261166,12.424283
T06_TH_TOT_5GEX_3_S11-GACGGCTGTGTTGGGA,4.8594346,11.135895
T06_TH_TOT_5GEX_3_S11-GACGGCTTCTAACTCT,5.1351733,11.007393
T06_TH_TOT_5GEX_3_S11-GACTAACCAATCGAAA,0.023237946,-4.0365944
T06_TH_TOT_5GEX_3_S11-GACTACAGTACGCTGC,-6.357451,-4.291642
T06_TH_TOT_5GEX_3_S11-GCACTCTAGATCGATA,-3.4579928,-0.054386273
T06_TH_TOT_5GEX_3_S11-GCCAAATTCGGAAACG,-4.6489983,-4.5357294
T06_TH_TOT_5GEX_3_S11-GGACATTCATTGGGCC,2.0854697,-5.6869307
T06_TH_TOT_5GEX_3_S11-GGGAATGAGAGTACAT,-4.7341695,-7.387986
T06_TH_TOT_5GEX_3_S11-GGGAATGCACATCTTT,-5.297286,8.30741
T06_TH_TOT_5GEX_3_S11-GGGACCTGTCAGTGGA,-1.2970439,-5.3528433
T06_TH_TOT_5GEX_3_S11-GGGAGATCATTAACCG,5.071829,10.961879
T06_TH_TOT_5GEX_3_S11-GTATCTTTCGTAGATC,-3.0053203,-7.177934
T06_TH_TOT_5GEX_3_S11-GTGAAGGAGCGCTTAT,5.173812,12.487986
T06_TH_TOT_5GEX_3_S11-GTGAAGGCATCAGTCA,-3.242869,1.6516858
T06_TH_TOT_5GEX_3_S11-GTGCATAAGTTTGCGT,-4.5841784,2.1342397
T06_TH_TOT_5GEX_3_S11-GTGCTTCGTTGGTAAA,-4.7577395,-7.5075946
T06_TH_TOT_5GEX_3_S11-TAAGTGCCAGGCGATA,-4.5730314,-7.2925205
T06_TH_TOT_5GEX_3_S11-TACCTTAAGTACGCGA,-3.3738146,-1.6026561
T06_TH_TOT_5GEX_3_S11-TAGACCATCCTCGCAT,1.0776623,-5.3978634
T06_TH_TOT_5GEX_3_S11-TCGAGGCAGCTCCTTC,2.5973296,-6.6960306
T06_TH_TOT_5GEX_3_S11-TCTCATAGTCTGATTG,-6.6680846,-4.9132853
T06_TH_TOT_5GEX_3_S11-TCTTTCCAGGCATTGG,-2.3240037,-5.296316
T06_TH_TOT_5GEX_3_S11-TGACAACAGTGGAGTC,-6.467976,-5.182792
T06_TH_TOT_5GEX_3_S11-TGAGAGGTCCAAGTAC,4.361927,10.498087
T06_TH_TOT_5GEX_3_S11-TGCCCTATCCTTGACC,4.5635767,10.654045
T06_TH_TOT_5GEX_3_S11-TTAGGACGTTATCGGT,3.0264566,-4.716526
T06_TH_TOT_5GEX_3_S11-TTAGGCACATTCCTGC,2.3165338,-7.042147
T06_TH_TOT_5GEX_3_S11-TTGCCGTGTTAAGACA,5.5221066,12.359664
T06_TH_TOT_5GEX_3_S11-TTGCGTCAGTTACCCA,5.73649,11.425853
T06_TH_TOT_5GEX_3_S11-TTTACTGTCAACACCA,5.4297223,11.888194
T06_TH_TOT_5GEX_3_S11-TTTGTCAAGCTAGGCA,-5.005322,-2.675727
T06_TH_TOT_5GEX_3_S11-TTTGTCAAGGTTACCT,-5.311265,-5.18081
T06_TH_TOT_5GEX_4_S12-AAGACCTTCAACGGGA,0.8305901,-5.7212777
T06_TH_TOT_5GEX_4_S12-ACATGGTTCCAAACTG,-5.7078185,-2.3335812
T06_TH_TOT_5GEX_4_S12-ACGATACGTCAAGCGA,4.841318,12.686098
T06_TH_TOT_5GEX_4_S12-ACTGAGTAGCGATATA,5.0615816,11.341581
T06_TH_TOT_5GEX_4_S12-AGAGCGAAGTCATCCA,1.8851949,-8.814084
T06_TH_TOT_5GEX_4_S12-AGCCTAATCGCGTTTC,-4.3716645,-2.3783588
T06_TH_TOT_5GEX_4_S12-AGCGTATGTAAGGGAA,-4.9292645,-1.8822075
T06_TH_TOT_5GEX_4_S12-AGCTCCTCAAATCCGT,5.0606046,11.466668
T06_TH_TOT_5GEX_4_S12-AGCTCCTCATGGTCTA,3.5692985,-6.241806
T06_TH_TOT_5GEX_4_S12-AGGGAGTTCTCTGTCG,-3.6903768,-1.8850081
T06_TH_TOT_5GEX_4_S12-AGGGTGATCAAACCGT,5.2662215,11.308488
T06_TH_TOT_5GEX_4_S12-ATCATCTGTCGGCTCA,5.7448654,9.414623
T06_TH_TOT_5GEX_4_S12-CACACCTTCTTTAGGG,2.1272373,-7.929222
T06_TH_TOT_5GEX_4_S12-CACTCCAGTGGCGAAT,4.508421,-7.041964
T06_TH_TOT_5GEX_4_S12-CAGCGACTCAACGCTA,4.801247,10.58565
T06_TH_TOT_5GEX_4_S12-CATCCACCAAGCTGGA,5.4609556,-3.9725332
T06_TH_TOT_5GEX_4_S12-CATCGAAAGTTACCCA,3.2495682,-8.299053
T06_TH_TOT_5GEX_4_S12-CATGCCTAGTGGGATC,3.1081703,-6.146329
T06_TH_TOT_5GEX_4_S12-CATTCGCAGGTGCTAG,5.47772,10.416545
T06_TH_TOT_5GEX_4_S12-CGACTTCTCAGCTCTC,-3.2365963,-6.8541236
T06_TH_TOT_5GEX_4_S12-CGCTATCCAGCGAACA,-5.8739886,-2.8913097
T06_TH_TOT_5GEX_4_S12-CGGAGTCGTAATCACC,-3.6811252,-0.8989598
T06_TH_TOT_5GEX_4_S12-CTACATTAGGCGACAT,1.733901,-6.6231303
T06_TH_TOT_5GEX_4_S12-CTGATCCTCTTGTCAT,-6.5073633,0.7627899
T06_TH_TOT_5GEX_4_S12-CTGCCTAGTATGGTTC,4.2861443,11.042852
T06_TH_TOT_5GEX_4_S12-CTGCGGACACTCGACG,-7.224948,-2.1771743
T06_TH_TOT_5GEX_4_S12-CTTCTCTAGCCACCTG,5.2100797,-4.436537
T06_TH_TOT_5GEX_4_S12-GACAGAGGTTACGTCA,-6.181773,-2.0908556
T06_TH_TOT_5GEX_4_S12-GACGTTAAGGATCGCA,5.3880043,11.087605
T06_TH_TOT_5GEX_4_S12-GACGTTAGTCATACTG,5.4718986,12.294997
T06_TH_TOT_5GEX_4_S12-GATGAAAAGTGAATTG,5.1270814,10.614945
T06_TH_TOT_5GEX_4_S12-TACTCGCTCACTCCTG,1.8458033,-2.8446777
T06_TH_TOT_5GEX_4_S12-TCAGCAATCGGAGCAA,2.5142164,-6.520548
T06_TH_TOT_5GEX_4_S12-TCAGGTACATGCCTAA,4.1751175,-8.419221
T06_TH_TOT_5GEX_4_S12-TCCCGATGTAGCTAAA,-8.155882,-0.19404888
T06_TH_TOT_5GEX_4_S12-TCGTAGAGTGCACCAC,1.0455502,-4.599923
T06_TH_TOT_5GEX_4_S12-TCTATTGCATGGATGG,5.1184926,-7.3337235
T06_TH_TOT_5GEX_4_S12-TGAGGGAAGGCTAGGT,-4.2775497,-2.4876602
T06_TH_TOT_5GEX_4_S12-TGCTGCTAGTTAGCGG,5.838074,10.735162
T06_TH_TOT_5GEX_4_S12-TGGCTGGAGGTGCTAG,-2.7218409,-6.058812
T06_TH_TOT_5GEX_4_S12-TGGCTGGTCACAACGT,-3.7520146,-7.372375
T06_TH_TOT_5GEX_4_S12-TGTGGTAAGTGCGATG,-1.0206506,-3.44095
T06_TH_TOT_5GEX_4_S12-TTAACTCCAGGGTACA,5.459952,11.052968
T06_TH_TOT_5GEX_4_S12-TTCTCCTTCTAACTCT,-0.55531645,-6.7699323
T06_TH_TOT_5GEX_4_S12-TTGACTTCATACGCTA,2.5145626,-8.822728
T07_TH_TOT_1_S1-AAACGGGCACTACAGT,0.8165036,-6.935155
T07_TH_TOT_1_S1-AAAGCAACACCTCGGA,5.229611,12.01201
T07_TH_TOT_1_S1-AAATGCCAGCTAACAA,5.49093,11.347435
T07_TH_TOT_1_S1-AACTCCCCAGGGATTG,-5.104511,-3.3349354
T07_TH_TOT_1_S1-AAGCCGCCAGTAAGCG,0.31487712,-2.7694063
T07_TH_TOT_1_S1-ACGATACGTTCGCTAA,5.187551,12.111054
T07_TH_TOT_1_S1-ACGATGTTCGCCCTTA,-8.561414,-0.78954655
T07_TH_TOT_1_S1-ACGCCGATCATCTGCC,5.689651,12.049612
T07_TH_TOT_1_S1-ACGGGCTTCTAACTGG,5.761023,10.650287
T07_TH_TOT_1_S1-AGATCTGAGCAATATG,5.137383,12.5500965
T07_TH_TOT_1_S1-ATCATCTGTCTCAACA,5.299978,11.099748
T07_TH_TOT_1_S1-ATCGAGTCAATCCGAT,5.1183934,11.225186
T07_TH_TOT_1_S1-ATCTACTTCATTATCC,5.4506297,12.060435
T07_TH_TOT_1_S1-ATGGGAGAGGCATGGT,5.326546,12.046541
T07_TH_TOT_1_S1-ATGTGTGTCACGATGT,5.690184,11.885166
T07_TH_TOT_1_S1-CAAGAAAAGAGTGACC,5.35631,12.370667
T07_TH_TOT_1_S1-CAAGGCCCAAGCTGGA,1.1457144,-7.3270645
T07_TH_TOT_1_S1-CACAGGCAGTTGAGAT,5.0011363,-7.2710285
T07_TH_TOT_1_S1-CACATTTGTATGAAAC,2.784356,-5.303485
T07_TH_TOT_1_S1-CACCTTGCATCCGGGT,5.658665,12.250624
T07_TH_TOT_1_S1-CATCGAATCATAACCG,-6.3464174,9.320404
T07_TH_TOT_1_S1-CATGCCTTCCACGCAG,0.20563266,-5.772384
T07_TH_TOT_1_S1-CCCAATCCACGGTAGA,-5.514552,-5.8595023
T07_TH_TOT_1_S1-CCCAGTTAGCTAGTCT,-6.608036,8.095711
T07_TH_TOT_1_S1-CCTACCAGTGAACCTT,3.8835528,-3.7874887
T07_TH_TOT_1_S1-CCTCAGTAGTACGTAA,5.6187115,12.162715
T07_TH_TOT_1_S1-CCTTCGACACACAGAG,5.6246076,11.042469
T07_TH_TOT_1_S1-CGCTATCTCGAACTGT,3.1009543,-5.9508605
T07_TH_TOT_1_S1-CGGAGCTGTACCGGCT,2.3362603,-3.1688466
T07_TH_TOT_1_S1-CGTCAGGGTCGCATAT,5.338822,12.287048
T07_TH_TOT_1_S1-CGTTGGGAGAATGTTG,-3.6138928,0.9072634
T07_TH_TOT_1_S1-CTGAAACTCTTCGGTC,5.470173,12.201318
T07_TH_TOT_1_S1-CTGATAGGTACTCGCG,2.2193608,-6.1411624
T07_TH_TOT_1_S1-CTGATCCTCGTAGATC,5.505378,12.212412
T07_TH_TOT_1_S1-CTGCGGACAGGAATCG,5.636429,12.083875
T07_TH_TOT_1_S1-CTGTTTAGTTTACTCT,-6.577982,1.0014279
T07_TH_TOT_1_S1-CTTAGGAGTAAGTGTA,2.7397418,-7.987428
T07_TH_TOT_1_S1-GACGCGTTCAAACCAC,-5.206044,-7.036972
T07_TH_TOT_1_S1-GATCTAGCACCTCGGA,2.4512644,-8.188856
T07_TH_TOT_1_S1-GATCTAGTCTCGCTTG,5.4213185,11.784463
T07_TH_TOT_1_S1-GCAAACTGTTGTCTTT,4.640028,10.908631
T07_TH_TOT_1_S1-GCTGCTTGTAAATGTG,4.806536,-4.678822
T07_TH_TOT_1_S1-GCTGGGTCAGCCAGAA,4.918002,11.319008
T07_TH_TOT_1_S1-GGAACTTTCGCAAGCC,5.4786105,12.215963
T07_TH_TOT_1_S1-GGAATAACAAATCCGT,-4.9673495,-4.789854
T07_TH_TOT_1_S1-GGACATTTCTTTCCTC,5.4556475,12.298004
T07_TH_TOT_1_S1-GGCGACTTCCGTTGTC,5.5035257,10.710184
T07_TH_TOT_1_S1-GTGCGGTCAATGTTGC,2.092535,-6.0757403
T07_TH_TOT_1_S1-GTGGGTCCACCATCCT,4.5871925,-5.6213293
T07_TH_TOT_1_S1-GTTCTCGTCAACACAC,5.679717,11.968606
T07_TH_TOT_1_S1-TACAGTGTCAGCTCTC,5.488882,11.398655
T07_TH_TOT_1_S1-TACCTATCACGGACAA,5.382295,11.258143
T07_TH_TOT_1_S1-TACCTATGTCATGCAT,-2.446308,-5.970783
T07_TH_TOT_1_S1-TACCTATGTCCGTGAC,5.476497,12.269616
T07_TH_TOT_1_S1-TACGGGCCACTTAACG,5.7122803,11.408417
T07_TH_TOT_1_S1-TACGGTATCGTACCGG,2.8180075,-6.194453
T07_TH_TOT_1_S1-TACTCGCAGCTGAAAT,2.804285,-7.628872
T07_TH_TOT_1_S1-TATGCCCTCGCACTCT,5.451185,12.212078
T07_TH_TOT_1_S1-TCAATCTAGGCTCTTA,5.4839816,12.183971
T07_TH_TOT_1_S1-TGAAAGAGTATGAATG,5.321334,11.736354
T07_TH_TOT_1_S1-TGAAAGATCAGCGACC,2.7149127,-5.754268
T07_TH_TOT_1_S1-TGAGCATTCCATGAGT,5.8243647,12.051481
T07_TH_TOT_1_S1-TGCACCTTCAGATAAG,4.542183,-5.8544407
T07_TH_TOT_1_S1-TGCTACCCATTTGCTT,5.544472,11.5592785
T07_TH_TOT_1_S1-TGTATTCAGGACACCA,0.93632823,-6.214826
T07_TH_TOT_1_S1-TTCGGTCGTTCCCTTG,-4.8641105,-1.6108316
T07_TH_TOT_1_S1-TTGGAACTCCGATATG,5.673562,11.632308
T07_TH_TOT_1_S1-TTTGTCAAGTGCGATG,3.3692963,-6.374031
T07_TH_TOT_2_S2-AATCCAGTCTCCCTGA,2.287207,-6.793962
T07_TH_TOT_2_S2-ACATGGTGTAGGCATG,5.5283275,11.172943
T07_TH_TOT_2_S2-ACCAGTAGTGTCCTCT,3.2109897,-7.304705
T07_TH_TOT_2_S2-ACGTCAACACCAGGTC,5.505779,11.573335
T07_TH_TOT_2_S2-AGATTGCCACACCGAC,1.221045,-6.433975
T07_TH_TOT_2_S2-AGCATACTCACCGGGT,-4.1054792,-0.68210095
T07_TH_TOT_2_S2-AGCTCTCTCCGTAGTA,2.8157845,-5.5684543
T07_TH_TOT_2_S2-AGGTCCGAGAACTCGG,5.475391,11.505649
T07_TH_TOT_2_S2-AGTGGGACATCCCATC,3.6548314,-6.4027762
T07_TH_TOT_2_S2-ATAAGAGTCCAAGTAC,5.510876,12.163376
T07_TH_TOT_2_S2-ATCTACTTCTCTAAGG,4.1195083,-8.246474
T07_TH_TOT_2_S2-ATGCGATGTATAGTAG,5.770449,11.177597
T07_TH_TOT_2_S2-CAACTAGCAGCCTGTG,3.0086281,-7.842532
T07_TH_TOT_2_S2-CAAGATCTCCACGTTC,-5.396741,-4.534863
T07_TH_TOT_2_S2-CACAGTATCATCATTC,-6.8262486,0.9211845
T07_TH_TOT_2_S2-CACTCCAGTGGTGTAG,5.669391,10.792979
T07_TH_TOT_2_S2-CATGGCGAGACTAGAT,5.353745,12.340047
T07_TH_TOT_2_S2-CCATTCGTCGTCCAGG,5.6011105,10.713709
T07_TH_TOT_2_S2-CCTATTACACAGACAG,5.569922,11.300372
T07_TH_TOT_2_S2-CCTTCCCAGAGTCTGG,5.492572,11.609726
T07_TH_TOT_2_S2-CGGAGCTGTTCAGTAC,5.4812694,11.903573
T07_TH_TOT_2_S2-CGGCTAGCACACGCTG,5.2747884,11.179534
T07_TH_TOT_2_S2-CGTGTCTGTGGAAAGA,-5.8047986,4.274224
T07_TH_TOT_2_S2-CTAGTGACAAGCTGAG,1.531796,-4.0352616
T07_TH_TOT_2_S2-CTTAGGAGTTGACGTT,5.341162,12.424146
T07_TH_TOT_2_S2-GAACGGAAGCAGATCG,-5.9330544,-3.6502478
T07_TH_TOT_2_S2-GAAGCAGCAGGCTGAA,5.6291547,11.708707
T07_TH_TOT_2_S2-GATCGATAGGACAGCT,5.684348,9.648946
T07_TH_TOT_2_S2-GATGCTATCTTACCTA,5.371266,12.276586
T07_TH_TOT_2_S2-GATTCAGGTGGTCTCG,5.4435906,11.331418
T07_TH_TOT_2_S2-GCAAACTTCGGATGGA,5.108402,11.410454
T07_TH_TOT_2_S2-GCCTCTATCACAACGT,-4.516195,-2.5115538
T07_TH_TOT_2_S2-GCTCTGTAGGGTCTCC,2.8555303,-8.057656
T07_TH_TOT_2_S2-GCTGCGATCGCTGATA,3.9259262,-3.3826275
T07_TH_TOT_2_S2-GGATTACGTCGTCTTC,3.7415326,-6.377737
T07_TH_TOT_2_S2-GGCAATTCAACGATGG,5.326457,12.34036
T07_TH_TOT_2_S2-GGCGACTAGACTACAA,5.685646,9.868653
T07_TH_TOT_2_S2-GGCTCGAAGAGTACCG,5.3182726,11.6862135
T07_TH_TOT_2_S2-GGGAATGAGGGTGTGT,5.751567,11.523619
T07_TH_TOT_2_S2-GGGACCTTCTGCTGTC,-8.209802,0.79696274
T07_TH_TOT_2_S2-GGGTCTGCACACATGT,5.6197557,11.489362
T07_TH_TOT_2_S2-GTAGTCAGTCAGTGGA,5.64584,11.750638
T07_TH_TOT_2_S2-GTCTTCGTCCAAACTG,-4.5675416,-4.129417
T07_TH_TOT_2_S2-TAGAGCTAGCCAACAG,2.6819847,-5.89944
T07_TH_TOT_2_S2-TAGTTGGTCGTTACGA,5.6040716,11.994164
T07_TH_TOT_2_S2-TCAATCTGTTACAGAA,5.0869913,11.381395
T07_TH_TOT_2_S2-TCATTACGTCGACTGC,5.7112446,11.769814
T07_TH_TOT_2_S2-TCATTTGAGATGTAAC,-0.8034177,-6.6677666
T07_TH_TOT_2_S2-TCGCGTTGTTACGTCA,1.4143709,-6.5369678
T07_TH_TOT_2_S2-TCGTACCTCAGCTGGC,0.37005442,-6.228753
T07_TH_TOT_2_S2-TGCCAAAGTACCGAGA,-6.5691543,2.37172
T07_TH_TOT_2_S2-TGGCTGGGTATATGAG,5.4403086,11.931774
T07_TH_TOT_2_S2-TGGTTAGAGAGGGATA,-6.7374825,7.9705496
T07_TH_TOT_2_S2-TGTGTTTTCGACAGCC,5.4597793,12.237364
T07_TH_TOT_2_S2-TTAGTTCGTTGGTGGA,5.6184783,11.45375
T07_TH_TOT_2_S2-TTGACTTTCCACTGGG,5.607575,12.364226
WSSS8062669-AAACCTGAGGACACCA,5.02955,11.380817
WSSS8062669-AAACGGGAGCCACGTC,4.43942,11.146781
WSSS8062669-AAACGGGCAGATCGGA,4.6846776,11.110603
WSSS8062669-AAACGGGGTTCGCTAA,4.8459015,11.135374
WSSS8062669-AAAGCAAAGCAATATG,4.452228,10.988372
WSSS8062669-AAAGCAAAGGCAGTCA,4.5233636,10.891296
WSSS8062669-AAATGCCGTTGTCTTT,4.4455867,11.021759
WSSS8062669-AACCATGCACTGTCGG,4.5933104,11.227483
WSSS8062669-AACTCAGTCGGTCTAA,5.2030983,12.288805
WSSS8062669-AACTCTTAGAGGACGG,4.8209395,10.794103
WSSS8062669-AAGCCGCGTCATGCAT,4.6830072,11.19781
WSSS8062669-AAGGAGCGTACGCACC,4.447584,10.958861
WSSS8062669-AAGGCAGCACTGAAGG,4.791713,11.072086
WSSS8062669-ACACCAAAGACCACGA,4.583857,11.153488
WSSS8062669-ACACCAAAGCCAACAG,4.3539805,11.2402315
WSSS8062669-ACACCGGCAGGTGCCT,4.551572,10.819154
WSSS8062669-ACACCGGTCGTTTGCC,5.1729584,11.626182
WSSS8062669-ACACCGGTCTTAGCCC,4.6128154,11.152851
WSSS8062669-ACACTGAGTACCGAGA,4.464559,10.997573
WSSS8062669-ACAGCTAAGGAATGGA,4.810252,11.337929
WSSS8062669-ACATCAGCAAGAAAGG,4.625599,10.899651
WSSS8062669-ACGAGCCAGATCTGCT,4.5199547,11.2176075
WSSS8062669-ACGAGCCAGGCCCTCA,4.8491535,10.992934
WSSS8062669-ACGATACAGACCGGAT,4.404294,11.057954
WSSS8062669-ACGCAGCGTCGAAAGC,4.7204876,11.213661
WSSS8062669-ACGTCAATCACGAAGG,4.6304665,11.111126
WSSS8062669-ACTGAACTCACCTCGT,4.7961807,11.333037
WSSS8062669-ACTGAGTAGGAGTCTG,4.766952,11.133992
WSSS8062669-ACTGCTCAGTGTCTCA,4.845121,-1.574476
WSSS8062669-ACTTTCAAGTGTTGAA,4.4793887,11.276542
WSSS8062669-AGAATAGAGTGCTGCC,4.9102254,11.117705
WSSS8062669-AGAGCGAAGCAGATCG,5.3617997,11.9619465
WSSS8062669-AGCATACTCTAGCACA,4.514963,11.19097
WSSS8062669-AGCGTATGTTAAGACA,4.770685,10.874738
WSSS8062669-AGCTCCTGTTCGTTGA,4.772431,11.182303
WSSS8062669-AGGGAGTCAATCGAAA,4.2834325,10.9522085
WSSS8062669-AGGGTGACAAGTAGTA,4.477726,10.902198
WSSS8062669-AGGGTGAGTTAAGGGC,4.754251,11.329328
WSSS8062669-AGGTCCGAGCAGATCG,4.3927565,11.177974
WSSS8062669-AGGTCCGGTCTAGTCA,4.7809167,11.181537
WSSS8062669-AGGTCCGTCGTCACGG,4.4578886,10.982603
WSSS8062669-AGTCTTTTCATATCGG,4.592844,11.009919
WSSS8062669-AGTGAGGCAGACAAAT,4.2364163,10.985909
WSSS8062669-AGTGTCAAGTCTCGGC,5.041395,11.531882
WSSS8062669-ATAACGCGTTGATTCG,4.4384193,11.21875
WSSS8062669-ATCATCTTCTCTGAGA,4.3804035,10.848421
WSSS8062669-ATCATGGTCTCTAGGA,5.3767805,-4.3643923
WSSS8062669-ATCGAGTAGCGGCTTC,4.479038,11.12751
WSSS8062669-ATCGAGTGTTAAGATG,4.705991,11.332757
WSSS8062669-ATCTGCCAGGAGTTGC,4.414953,10.645223
WSSS8062669-ATGAGGGCAGGTTTCA,4.4371843,10.880143
WSSS8062669-ATGCGATGTGCGATAG,4.517886,10.86095
WSSS8062669-ATTATCCAGTTCCACA,4.6940637,11.067458
WSSS8062669-CAACTAGCATCAGTCA,5.2843814,12.265894
WSSS8062669-CAAGAAAAGCAGCGTA,5.1772246,-5.5859313
WSSS8062669-CAAGGCCTCAAGGCTT,4.390438,10.805782
WSSS8062669-CAAGTTGTCCTTAATC,5.095144,12.015894
WSSS8062669-CACAAACCAAACAACA,4.6151195,11.012908
WSSS8062669-CACAAACCATGACGGA,4.6564326,10.989988
WSSS8062669-CACACTCCATCTATGG,4.640179,11.209653
WSSS8062669-CACACTCTCGCATGGC,4.98134,10.947706
WSSS8062669-CACACTCTCGCGGATC,5.0341616,10.798047
WSSS8062669-CACATAGAGGGTCGAT,4.610893,11.131014
WSSS8062669-CACATTTAGAGCTTCT,4.4500394,11.008745
WSSS8062669-CACATTTAGTCTCAAC,5.213483,11.561923
WSSS8062669-CACCACTGTCTCAACA,4.652974,11.353232
WSSS8062669-CACCTTGCAAGGTTCT,1.9040095,-4.136739
WSSS8062669-CAGAATCGTTCTCATT,5.7718425,9.4379635
WSSS8062669-CAGAGAGTCAGCGACC,4.4177394,10.873321
WSSS8062669-CAGATCAGTAAGGATT,4.899303,-1.9249066
WSSS8062669-CAGCGACCACCGGAAA,5.6112704,10.653827
WSSS8062669-CAGCTGGTCTACCAGA,4.52711,11.0704565
WSSS8062669-CATCCACAGTGCCATT,4.2020316,10.747595
WSSS8062669-CATCCACGTTGGGACA,4.6551466,11.073946
WSSS8062669-CATCGAACACCTGGTG,5.362193,12.258172
WSSS8062669-CATCGAAGTGCACCAC,4.4102225,11.008695
WSSS8062669-CATCGGGAGAAGAAGC,4.2667365,10.921225
WSSS8062669-CATCGGGGTATGAAAC,4.431809,11.1592455
WSSS8062669-CATGACACAGTCAGCC,4.2496386,11.049849
WSSS8062669-CATGACAGTCTTGCGG,4.513026,-7.6296005
WSSS8062669-CATTCGCGTAAGAGAG,5.114594,12.1491585
WSSS8062669-CCAATCCTCATAACCG,4.840131,11.05823
WSSS8062669-CCACTACTCGACCAGC,5.3318343,12.236883
WSSS8062669-CCAGCGAAGCCCAATT,4.356317,11.006659
WSSS8062669-CCAGCGAGTGTGAAAT,4.465518,11.126922
WSSS8062669-CCATTCGGTCTTCGTC,4.7155495,11.121362
WSSS8062669-CCCAATCGTGTAATGA,5.223636,12.524112
WSSS8062669-CCCAGTTTCTACCAGA,4.9224067,10.852397
WSSS8062669-CCGGGATAGAGTTGGC,1.0922958,-4.786522
WSSS8062669-CCGTACTGTGATAAAC,5.2470493,12.153354
WSSS8062669-CCGTACTTCATATCGG,4.64132,11.195098
WSSS8062669-CCGTGGATCAGCTTAG,5.1673307,11.838367
WSSS8062669-CCGTTCACATTGGCGC,4.4530315,11.06106
WSSS8062669-CCTAAAGAGACCTAGG,4.5263615,11.1024
WSSS8062669-CCTAAAGCAAGAGGCT,4.815321,11.210989
WSSS8062669-CCTAAAGGTCCGTCAG,4.682221,11.236681
WSSS8062669-CCTACACCAATAGCGG,4.5170674,10.852591
WSSS8062669-CCTACACGTTCAGCGC,5.2694645,12.423897
WSSS8062669-CCTACACTCGCCAGCA,4.633375,11.166639
WSSS8062669-CCTAGCTCACGAAAGC,4.7014484,11.265383
WSSS8062669-CCTAGCTCAGACTCGC,4.4301505,11.296812
WSSS8062669-CCTCAGTCAAGGGTCA,5.2532625,12.186347
WSSS8062669-CCTCTGACAAGGCTCC,4.855766,11.016518
WSSS8062669-CCTTCGAAGTGTTAGA,5.227755,12.085604
WSSS8062669-CCTTCGATCATCACCC,4.5376506,11.065875
WSSS8062669-CCTTTCTAGATATGCA,4.4929123,11.111192
WSSS8062669-CGAACATCAAGCGATG,4.672712,11.284398
WSSS8062669-CGACTTCCAGTGGAGT,5.206884,12.093863
WSSS8062669-CGAGCACCACAGTCGC,4.8593545,-1.7308984
WSSS8062669-CGATCGGCACACCGCA,5.0050073,11.053661
WSSS8062669-CGATCGGGTTAAGACA,5.3439903,12.259608
WSSS8062669-CGATCGGTCTCGTATT,4.6335797,11.2250595
WSSS8062669-CGCGTTTTCACTCTTA,5.5041513,12.069458
WSSS8062669-CGCTATCGTTACGGAG,4.7395244,10.884411
WSSS8062669-CGGACTGGTGAGTGAC,4.6658077,10.949694
WSSS8062669-CGGAGTCGTTCGCTAA,5.204149,12.196456
WSSS8062669-CGGGTCAAGATATGGT,4.4381847,11.069838
WSSS8062669-CGGTTAACACACCGAC,5.234607,12.231166
WSSS8062669-CGGTTAACAGACACTT,4.626712,11.256396
WSSS8062669-CGGTTAAGTGCTAGCC,5.1789937,12.32793
WSSS8062669-CGTAGGCTCACATAGC,4.7501698,10.915285
WSSS8062669-CGTCAGGAGGGTTTCT,4.678421,10.969489
WSSS8062669-CGTCAGGTCCGTTGTC,4.729112,11.035319
WSSS8062669-CGTGAGCGTTACGACT,4.804669,11.252189
WSSS8062669-CGTGAGCGTTCAGCGC,4.7517376,10.916596
WSSS8062669-CGTGTAACAGGTTTCA,4.3009205,10.876915
WSSS8062669-CGTTCTGGTTAAGTAG,5.163059,12.10895
WSSS8062669-CGTTGGGCAAATCCGT,5.1204343,12.070331
WSSS8062669-CTAACTTCAAGCTGTT,4.5714493,10.898378
WSSS8062669-CTAACTTGTCGACTAT,4.395496,11.072579
WSSS8062669-CTAGAGTAGGGATGGG,4.542591,10.910106
WSSS8062669-CTCACACGTGTGGTTT,5.6971116,9.733416
WSSS8062669-CTCATTAGTAGCAAAT,5.7609468,9.465589
WSSS8062669-CTCCTAGAGCGTGTCC,4.5285707,10.943529
WSSS8062669-CTCGAAATCCTCAACC,4.625137,11.173384
WSSS8062669-CTCGAGGAGAGCTTCT,4.4714117,11.008883
WSSS8062669-CTCGAGGAGCCGGTAA,4.441122,11.206701
WSSS8062669-CTCGTACTCAGTTAGC,4.957776,11.081753
WSSS8062669-CTCGTCAAGCGTGAAC,5.1699696,11.969896
WSSS8062669-CTCGTCATCCTTTCGG,5.2796884,11.751033
WSSS8062669-CTCTAATAGGAGTAGA,5.234325,12.2072115
WSSS8062669-CTCTAATCAGTCAGAG,5.367481,11.883832
WSSS8062669-CTCTACGCACATGGGA,4.5262384,11.004695
WSSS8062669-CTGAAGTTCCGGCACA,4.8338704,-2.0714545
WSSS8062669-CTGATAGAGGATTCGG,5.2435675,12.299833
WSSS8062669-CTGATAGAGTGATCGG,4.6484265,11.09944
WSSS8062669-CTTAACTGTAGCGTCC,4.4574914,11.021435
WSSS8062669-CTTAACTGTCCTGCTT,4.6845956,11.214488
WSSS8062669-CTTGGCTCAGACAAGC,4.5761886,11.178834
WSSS8062669-CTTGGCTTCACCATAG,4.367253,10.93445
WSSS8062669-CTTTGCGGTTCAGGCC,3.8752763,-6.1558957
WSSS8062669-GAACGGAAGTTCGATC,4.3617992,11.094905
WSSS8062669-GAATAAGAGTGTTTGC,4.55596,11.130108
WSSS8062669-GACCAATCATCGATGT,4.403321,11.083769
WSSS8062669-GACCAATGTCATCGGC,5.3765,12.062499
WSSS8062669-GACGTTACAATGGATA,4.908975,11.539791
WSSS8062669-GACTACAAGAAACGAG,5.3244967,11.876814
WSSS8062669-GAGCAGAAGTCGCCGT,5.3403263,12.264488
WSSS8062669-GAGGTGATCAACACCA,4.4028096,11.19269
WSSS8062669-GAGGTGATCGCAGGCT,4.545811,11.123893
WSSS8062669-GAGTCCGCAAGGACAC,5.3814144,11.894582
WSSS8062669-GATCGTACATTCCTGC,5.310588,12.198049
WSSS8062669-GATCGTATCTTCATGT,4.421948,11.140612
WSSS8062669-GATCTAGTCCTAAGTG,4.692811,11.155751
WSSS8062669-GATGAAAAGATGCGAC,5.138557,11.884539
WSSS8062669-GATGAGGAGGCTCATT,4.456167,11.178606
WSSS8062669-GATGCTAGTCTTCTCG,5.110403,12.132045
WSSS8062669-GCAAACTCAATGGAGC,4.6927857,11.059868
WSSS8062669-GCAAACTTCTCCGGTT,5.024244,11.387722
WSSS8062669-GCACTCTAGCTCCTTC,4.734395,11.059221
WSSS8062669-GCATGCGTCAGCTTAG,4.41284,11.06598
WSSS8062669-GCCAAATAGAGCTATA,4.364417,11.116282
WSSS8062669-GCGACCAAGGGTGTTG,4.508547,11.048691
WSSS8062669-GCGCAACAGCTAGTGG,4.5825734,11.491057
WSSS8062669-GCGGGTTTCCGGGTGT,4.7034287,11.222575
WSSS8062669-GCTCCTACATGCAACT,4.6675234,11.163718
WSSS8062669-GCTGCAGAGACAGGCT,4.5224695,11.222147
WSSS8062669-GCTGCAGTCACGCATA,5.4767804,11.504527
WSSS8062669-GCTGCTTCACACAGAG,4.475323,10.983875
WSSS8062669-GCTGGGTTCTCGTATT,4.621343,10.9999
WSSS8062669-GCTTGAAGTAGCCTCG,4.50913,11.21478
WSSS8062669-GCTTGAATCATTTGGG,5.5665293,11.5784855
WSSS8062669-GGAACTTCATCTACGA,4.6236024,11.403162
WSSS8062669-GGAATAACAAGAGGCT,4.8759604,11.246633
WSSS8062669-GGACAAGAGATGTAAC,4.9909463,-1.8846616
WSSS8062669-GGACAAGGTCCTAGCG,5.0775633,11.798455
WSSS8062669-GGAGCAAGTGCATCTA,4.636091,11.247904
WSSS8062669-GGATGTTGTGGGTCAA,5.153242,11.730328
WSSS8062669-GGATTACCATGTTCCC,4.504639,10.977229
WSSS8062669-GGATTACGTAACGACG,4.4706063,10.992186
WSSS8062669-GGCGACTAGGCACATG,4.3047853,10.824367
WSSS8062669-GGCTCGACACCGCTAG,5.206241,12.129328
WSSS8062669-GGGAATGGTTACGCGC,4.637958,11.107822
WSSS8062669-GGGAATGTCAACTCTT,5.1968803,12.059647
WSSS8062669-GGGAATGTCAAGGTAA,4.3941913,11.107095
WSSS8062669-GGGACCTAGGCAGTCA,4.419319,11.15128
WSSS8062669-GGGCATCAGACAGAGA,5.6286044,-4.4598975
WSSS8062669-GGGCATCCACAGCGTC,5.202868,12.151926
WSSS8062669-GGTATTGAGCCCAGCT,4.3865747,10.929907
WSSS8062669-GGTATTGCAAGTTCTG,4.401212,10.91269
WSSS8062669-GGTGAAGGTCTTTCAT,4.5223327,11.044437
WSSS8062669-GGTGAAGTCCTCGCAT,5.2952657,12.119265
WSSS8062669-GGTGCGTCAAGCTGAG,5.452017,10.49874
WSSS8062669-GGTGTTAAGTGTTAGA,4.411292,11.023004
WSSS8062669-GTAACGTGTTGTTTGG,4.65793,11.137308
WSSS8062669-GTAACTGTCGGTTAAC,5.1125917,11.253136
WSSS8062669-GTACGTAAGGATCGCA,4.8547974,11.362001
WSSS8062669-GTACTTTCACACTGCG,4.7381606,10.8215685
WSSS8062669-GTAGTCACAGGATTGG,4.398509,10.939253
WSSS8062669-GTATCTTCATTAGCCA,4.6080337,11.199751
WSSS8062669-GTATTCTCAACGATGG,4.6897936,11.126121
WSSS8062669-GTATTCTTCACATGCA,5.210485,11.670776
WSSS8062669-GTCAAGTGTTTCCACC,2.3247833,-8.118666
WSSS8062669-GTCAAGTTCGCGGATC,4.5140114,10.929409
WSSS8062669-GTCGGGTAGGTGATAT,4.5571413,11.019373
WSSS8062669-GTCTCGTCATTATCTC,5.278714,12.098835
WSSS8062669-GTGCAGCAGGACTGGT,4.9676757,10.842033
WSSS8062669-GTGCATACAACTGCGC,4.3140287,10.97908
WSSS8062669-GTGTTAGTCACAACGT,4.471529,11.020989
WSSS8062669-GTTTCTACAACACCCG,4.2368574,10.8738785
WSSS8062669-TAAGAGACAATGGACG,5.3206534,11.94934
WSSS8062669-TACAGTGAGCCATCGC,5.1876655,12.491625
WSSS8062669-TACCTATAGATGTTAG,2.0421898,-5.7542663
WSSS8062669-TACGGATTCAGCTCGG,5.2735114,12.136418
WSSS8062669-TACGGGCCATAGTAAG,4.929965,11.499355
WSSS8062669-TACGGTATCGTGACAT,4.2866344,10.8450575
WSSS8062669-TACTCATAGTGCCAGA,5.213905,11.938221
WSSS8062669-TACTTACAGACTTGAA,4.366189,10.923311
WSSS8062669-TACTTACTCGAGGTAG,5.3695545,12.172996
WSSS8062669-TAGACCAGTAGTACCT,4.7925587,10.9334545
WSSS8062669-TAGGCATAGTAGGTGC,5.2518635,12.157676
WSSS8062669-TAGGCATTCTGATACG,4.6548166,11.04726
WSSS8062669-TAGTGGTTCCTTGACC,5.303199,12.319544
WSSS8062669-TAGTTGGTCAGAAATG,4.5889773,10.958942
WSSS8062669-TATCAGGAGTGTGAAT,4.5738745,11.141895
WSSS8062669-TATCAGGCAGGACCCT,4.7875714,10.9053755
WSSS8062669-TATCTCAAGTGGTAAT,5.327015,12.077863
WSSS8062669-TATGCCCAGCTACCGC,4.75451,10.922767
WSSS8062669-TATGCCCCAGGTCTCG,5.2883306,12.150293
WSSS8062669-TATGCCCGTTGGTAAA,4.7741747,11.022785
WSSS8062669-TATGCCCTCAAGATCC,4.155816,10.90175
WSSS8062669-TCAACGAGTTCAGTAC,-4.2223268,8.508324
WSSS8062669-TCAGATGCACGGCTAC,4.3878016,10.902245
WSSS8062669-TCAGCTCAGAGTTGGC,4.438728,10.71987
WSSS8062669-TCAGCTCTCAGCTCTC,5.322055,12.240012
WSSS8062669-TCAGGTAGTAAGGATT,4.5462146,11.092005
WSSS8062669-TCATTACTCTAACGGT,5.294706,12.196581
WSSS8062669-TCCCGATAGGGTTTCT,5.1193137,11.813432
WSSS8062669-TCCCGATTCAGTCAGT,4.466859,11.049521
WSSS8062669-TCGCGTTCAATGGATA,5.011007,11.475435
WSSS8062669-TCGCGTTCATCTATGG,5.741945,9.618384
WSSS8062669-TCGGGACTCAGCTCGG,4.693703,11.127129
WSSS8062669-TCGGTAACAGACGTAG,4.7502575,11.391458
WSSS8062669-TCGGTAACATTCTTAC,5.5485353,10.617138
WSSS8062669-TCGTACCAGTGCAAGC,4.6049147,11.380719
WSSS8062669-TCGTACCTCTTCCTTC,-0.73909503,-5.1062446
WSSS8062669-TCTCTAACAAGCCGCT,4.199211,11.043567
WSSS8062669-TGACGGCAGAATAGGG,4.4261913,11.204655
WSSS8062669-TGACTAGTCCGAATGT,4.7312703,11.080184
WSSS8062669-TGAGCATTCAGGTTCA,5.2785187,12.297748
WSSS8062669-TGAGCCGAGATAGCAT,4.794675,11.220763
WSSS8062669-TGCACCTTCTTTACGT,5.155299,12.257467
WSSS8062669-TGCCAAAGTTAAGATG,4.473986,11.23048
WSSS8062669-TGCGCAGCACCATGTA,4.824913,11.233891
WSSS8062669-TGCGCAGTCGGAAATA,4.5937734,11.292458
WSSS8062669-TGCGTGGGTTTGTTTC,4.6371465,11.166219
WSSS8062669-TGCGTGGTCTTGACGA,4.464173,10.98241
WSSS8062669-TGCTACCAGCTAAACA,4.2384677,10.804479
WSSS8062669-TGCTGCTCAAACCCAT,4.791146,10.868872
WSSS8062669-TGCTGCTGTCCGCTGA,5.287493,11.957013
WSSS8062669-TGGGAAGGTCCGCTGA,4.5400176,11.103138
WSSS8062669-TGGGCGTAGCTGCGAA,5.1118193,12.03855
WSSS8062669-TGGTTAGAGGGTTTCT,5.176988,12.2063055
WSSS8062669-TGGTTAGGTCAACTGT,4.638119,11.240355
WSSS8062669-TGGTTAGTCGAGGTAG,4.420239,11.111477
WSSS8062669-TGTGGTACACGGCGTT,4.620563,11.227663
WSSS8062669-TGTGGTAGTCGCATCG,5.1012278,-3.9609373
WSSS8062669-TGTGGTATCCAAACAC,5.024213,11.677914
WSSS8062669-TTAACTCCACATGACT,5.2885485,12.136377
WSSS8062669-TTAGGACAGCTGCCCA,5.3595867,12.151421
WSSS8062669-TTAGGACCACCATGTA,5.2394505,12.344021
WSSS8062669-TTAGGCAAGCGTGTCC,5.3191137,12.349979
WSSS8062669-TTAGGCACACTTCGAA,0.6076804,-5.4784827
WSSS8062669-TTAGTTCAGTTTAGGA,4.5837517,11.169652
WSSS8062669-TTCGGTCCATAAGACA,4.5761213,10.897077
WSSS8062669-TTCTCCTGTTAAAGTG,4.6840405,10.985731
WSSS8062669-TTCTTAGGTTCGTTGA,4.450316,11.053442
WSSS8062669-TTGACTTGTCCGCTGA,4.517908,11.228949
WSSS8062669-TTGACTTTCAACACCA,4.658651,11.219482
WSSS8062669-TTGACTTTCATCACCC,4.7938766,10.708862
WSSS8062669-TTGGAACTCTTTAGTC,4.9303355,11.270815
WSSS8062669-TTGGCAATCATCGATG,5.1944547,12.141173
WSSS8062669-TTGTAGGAGGGCTCTC,4.4852996,10.977564
WSSS8062669-TTTACTGAGGAGTTGC,4.485234,11.051876
WSSS8062669-TTTATGCCATCGATTG,4.721276,11.135731
WSSS8062669-TTTGCGCAGAAAGTGG,4.466896,10.796305
WSSS8062669-TTTGCGCCAAGCCGTC,4.4093304,11.08548
WSSS8062669-TTTGGTTGTGCCTGTG,4.34643,10.905089
WSSS8062674-AAGGAGCGTGCAACGA,4.910153,11.136147
WSSS8062674-ACGAGCCCATGGGAAC,4.9435687,11.056196
WSSS8062674-ACTGCTCTCTAACGGT,5.2473993,12.329719
WSSS8062674-AGCAGCCAGAGTAATC,4.63972,11.273084
WSSS8062674-AGCGGTCTCTAACGGT,4.78649,10.845626
WSSS8062674-AGGCCACGTCTCAACA,4.4710984,10.944031
WSSS8062674-AGGGATGGTTGATTCG,4.2768345,10.86646
WSSS8062674-AGTGAGGCATTAACCG,4.557371,11.233622
WSSS8062674-ATCATGGAGTCCATAC,4.6819606,11.3769865
WSSS8062674-CAGCATACATTACGAC,4.7301908,11.202136
WSSS8062674-CAGCCGAAGGCTCAGA,4.3659587,11.101314
WSSS8062674-CATCAAGCAGATCTGT,4.5105195,11.137606
WSSS8062674-CCCAGTTGTCTCTCGT,4.703071,11.357248
WSSS8062674-CCCTCCTTCAGTGCAT,5.5721097,12.015541
WSSS8062674-CCCTCCTTCGGTCCGA,-5.0633006,7.8786125
WSSS8062674-CGAGCCATCTACCAGA,5.6660647,9.451559
WSSS8062674-CGCGGTAAGTCATCCA,4.3566327,11.034916
WSSS8062674-CGGACACTCGTTACAG,4.4684896,11.07903
WSSS8062674-CGGAGCTAGCTTATCG,5.725704,9.625881
WSSS8062674-CGTCTACAGACTACAA,5.2256513,12.258089
WSSS8062674-CGTGAGCCATGAGCGA,4.380518,10.770326
WSSS8062674-CTTGGCTAGGACTGGT,5.1804147,12.305533
WSSS8062674-GACCTGGTCACCAGGC,4.6890593,10.838012
WSSS8062674-GCTCTGTGTATTACCG,4.833219,10.977271
WSSS8062674-GTGCATATCGACAGCC,5.1796403,10.679885
WSSS8062674-GTTTCTAGTCTTCAAG,5.8147297,9.448791
WSSS8062674-TACACGATCACAATGC,5.308873,12.254301
WSSS8062674-TACTTGTTCGCGGATC,4.562173,11.137612
WSSS8062674-TAGTTGGTCGCTGATA,5.001214,11.308611
WSSS8062674-TCAACGATCAACACCA,5.416778,10.7371855
WSSS8062674-TGAAAGACAACACGCC,5.105648,11.9775915
WSSS8062674-TGAGCATCATACTACG,-5.9626226,9.445875
WSSS8062674-TGCCCTAAGGAGTAGA,4.5497293,10.951179
WSSS8062674-TTAGGCACAAGTCTGT,4.583193,11.078306
WSSS8062674-TTCGGTCAGGCTACGA,5.096167,11.92841
WSSS8084742-AATAGAGAGAAATCCA,5.116733,11.67539
WSSS8084742-ACAGCCGTCTGCTAGA,-4.901963,4.200109
WSSS8084742-ACTACGATCGCCAGAC,-6.4006004,7.4858418
WSSS8084742-ACTGCAAGTTGCTCAA,-6.0271235,8.298029
WSSS8084742-AGACCATTCGTCTACC,-2.4016476,5.3091407
WSSS8084742-AGAGAATCATGTGGTT,-4.5947766,4.853103
WSSS8084742-AGATGAAGTGTTGCCG,-4.3166676,6.3170514
WSSS8084742-AGGAATAGTCCACTCT,-2.308251,6.3334723
WSSS8084742-AGGCATTTCTCTGGTC,-4.64663,4.377413
WSSS8084742-AGGGTGATCAGGAAAT,-4.5107203,3.3335443
WSSS8084742-CAACCAAGTTCTTAGG,-4.3504066,6.3776007
WSSS8084742-CATTCTACATCGAGCC,-2.8169625,6.05138
WSSS8084742-CCACGAGAGTGGCCTC,-3.0344028,4.5095057
WSSS8084742-CCTGCATCATAAGATG,-6.882909,8.274469
WSSS8084742-CTCTGGTAGCTAAGTA,-3.5980542,3.8910773
WSSS8084742-GAAACCTAGCCATTCA,-6.923654,9.548859
WSSS8084742-GAACACTGTCGCTTGG,4.7264094,12.540357
WSSS8084742-GACTCAATCTGTCTCG,-2.5226278,6.469354
WSSS8084742-GGAATCTGTAGTGTGG,-4.9280024,6.6352396
WSSS8084742-GTACAACTCATCGACA,-2.5363815,5.991423
WSSS8084742-GTCTAGAGTCACTCTC,-4.950087,5.587987
WSSS8084742-TAACACGTCGCTGTTC,-4.9001403,5.4701996
WSSS8084742-TCACTATGTCAAATCC,-6.989097,8.635899
WSSS8084742-TCAGTTTAGAACGTGC,-6.105655,3.9834132
WSSS8084742-TGTTACTGTAGTTAGA,4.9538713,12.034819
WSSS8084742-TGTTCCGCACCAGCCA,-5.3389063,4.9124813
WSSS8084742-TTGGATGAGTTGGCTT,4.8997345,11.8688755
WSSS8084742-TTGGGCGAGGACAAGA,-4.4775314,4.9042754
WSSS8084742-TTTCACAAGGTCTACT,-2.853133,4.415092
WSSS8084743-AAGCGTTCAACAAAGT,-4.5264087,4.951446
WSSS8084743-ACATCCCCATCACAGT,-7.0059614,8.532525
WSSS8084743-ACGTAGTTCTTGCAAG,-3.5936131,4.264378
WSSS8084743-AGAACCTTCGCTGTTC,-6.4508038,8.591769
WSSS8084743-AGGGTCCCACCGAATT,-1.8048114,6.8318644
WSSS8084743-AGGTTACTCATGAGAA,-6.9346747,7.1850533
WSSS8084743-AGTCTCCCAGTGGCTC,-5.2785816,4.565887
WSSS8084743-CACGTGGTCGGTGTAT,-4.2039094,5.2166486
WSSS8084743-CACGTTCTCGTAGAGG,-5.417827,8.414765
WSSS8084743-CCCTCAACATGAAAGT,-4.814589,4.8019166
WSSS8084743-CTGAGCGCAGCCGTTG,-4.732612,5.2025633
WSSS8084743-CTTGATTCATAACTCG,-2.910957,4.6608377
WSSS8084743-GAAGCCCGTTGGGACA,-3.6765077,5.160044
WSSS8084743-GAATAGAGTATGTCTG,-4.268538,5.507403
WSSS8084743-GCGGAAACATTACGGT,-4.0834756,4.360294
WSSS8084743-GGAACCCTCCCTAGGG,-2.5648136,6.9070344
WSSS8084743-GTGAGTTTCCGAGAAG,-5.1086264,3.8179078
WSSS8084743-TCCGAAAAGTGAGGCT,-6.6696544,9.289136
WSSS8084743-TCCGTGTGTAATTAGG,-3.8596609,6.042798
WSSS8084743-TGAGGTTCACAATCTG,-4.1789017,4.6151786
WSSS8084743-TGTGTGATCCTTCTAA,-7.2252684,-0.17280778
WSSS8084743-TTACAGGCAGTATGAA,-2.685971,4.714076
WSSS8084743-TTTCGATAGCATCAGG,-4.32862,5.3955855
WSSS8084744-AAAGTCCGTGACTCTA,-4.6348486,-5.684669
WSSS8084744-AACAGGGCACCGTACG,-9.986464,-2.3951972
WSSS8084744-AAGCATCAGATAACGT,-5.0525494,2.1331775
WSSS8084744-AGAAATGTCTGGAGAG,-5.54624,-4.024159
WSSS8084744-AGGGTGAGTTGAGTCT,-5.663234,2.128002
WSSS8084744-CAACCAACATGGAGAC,-7.770989,-2.3829806
WSSS8084744-CAGTTAGAGTACCCTA,-7.128003,-0.80084383
WSSS8084744-CATACTTTCCGTGGCA,-6.5059094,-1.2521186
WSSS8084744-CATTGTTCATCATGAC,-7.1239715,7.8437324
WSSS8084744-CCGCAAGTCTCATAGG,-4.5736227,3.341661
WSSS8084744-CCTCCAACAGTAGTGG,-7.482907,2.752428
WSSS8084744-CGGCAGTAGGATACAT,-4.688543,-5.3864655
WSSS8084744-CTTACCGGTGGTTCTA,-4.2350597,7.7226386
WSSS8084744-GAAGGGTCAATGCAGG,-3.860384,1.3271468
WSSS8084744-GAAGTAAGTGCATGTT,-3.405475,1.7310522
WSSS8084744-GCTACAATCTCATTGT,-5.4056954,8.127463
WSSS8084744-GGAATCTCAAGAGTTA,-5.822878,3.6324594
WSSS8084744-GGAGATGTCTATACGG,-6.2982397,3.2311623
WSSS8084744-GGGTAGACATTGAAGA,-4.4921656,2.3728924
WSSS8084744-GGGTCTGGTATGTCTG,-6.5049787,-2.8077986
WSSS8084744-GGTGGCTTCCACTTCG,-1.0971593,6.097086
WSSS8084744-GTATTGGTCGACGAGA,-5.6770573,7.618936
WSSS8084744-GTCATGATCTCTTGCG,-5.606294,-4.9947085
WSSS8084744-GTCTAGATCTAGAGCT,-4.125995,1.1025622
WSSS8084744-GTGATGTCAAGTCGTT,-6.7770615,-5.2759976
WSSS8084744-TAACACGTCTCGGTAA,-8.802327,-3.5384042
WSSS8084744-TAACCAGAGACCTTTG,-3.39736,4.8111463
WSSS8084744-TAGAGTCAGTTTGAGA,-4.6693864,3.4483552
WSSS8084744-TATTGCTAGTGTAGAT,-6.513019,-0.12433159
WSSS8084744-TATTGCTGTGCCTTCT,-5.4668927,8.671582
WSSS8084744-TCAAGACTCAGAGTTC,-6.225226,-4.407235
WSSS8084744-TCACTCGTCGGAGCAA,4.900579,11.93362
WSSS8084744-TCTGTCGAGATGAATC,-5.813125,-5.182722
WSSS8084744-TGAACGTAGACCAGAC,-5.117495,-5.0789933
WSSS8084744-TGCGACGAGTAGTCCT,-7.301109,-0.78781295
WSSS8084744-TGGAGAGTCAGTGTGT,-7.0961704,2.3759432
WSSS8084744-TTAGGCAGTAGTCGTT,-6.009878,-4.8060126
WSSS8084744-TTATTGCCAGAGGCAT,-4.813041,-5.0591664
WSSS8084744-TTCAATCAGTTAACGA,-5.0507684,8.179296
WSSS8084745-AAATGGATCGCACGGT,-3.5417602,-6.001805
WSSS8084745-AATGCCAGTCCTGGGT,-5.2189755,-3.6846666
WSSS8084745-ACAGCCGTCGCTTGCT,-7.8158336,7.791055
WSSS8084745-ACCCTCATCCGATAAC,-6.996784,1.7713635
WSSS8084745-ATACCTTAGCACCGTC,-5.071197,7.2415004
WSSS8084745-ATGACCAAGTCTTCCC,-5.9983735,-5.2632327
WSSS8084745-ATTACTCTCTATCGGA,-5.7766366,-6.2416344
WSSS8084745-ATTCCATCACGCTATA,-5.5493283,-4.958359
WSSS8084745-CAATACGAGACTCTAC,-6.231643,9.178443
WSSS8084745-CATAGACGTTGCTCCT,-4.732638,-4.7466254
WSSS8084745-CATGGATGTCTCTCTG,-3.81531,5.319306
WSSS8084745-CCAATTTTCTATTCGT,-5.9661202,-4.9888163
WSSS8084745-CCACGAGAGAATCGTA,-7.605381,-1.9795303
WSSS8084745-CCTAACCAGCTATCTG,-8.050619,-0.8159375
WSSS8084745-CCTAAGAAGACATAAC,-6.133708,8.815947
WSSS8084745-CCTTTGGGTACTGACT,-0.6593802,7.722
WSSS8084745-GCACTAAGTGGCTTAT,-0.49226487,-4.995443
WSSS8084745-GCAGCCAGTTCAGGTT,-3.2049582,4.4560585
WSSS8084745-GGTTGTATCATCGTAG,-5.0603604,-5.743856
WSSS8084745-GTAGGTTCAGTTGGTT,-5.547627,-4.986592
WSSS8084745-GTCCTCAGTGAACTAA,-5.3673997,8.285792
WSSS8084745-GTCTAGATCGTTCTGC,-6.405721,9.043193
WSSS8084745-GTGAGTTAGAGTTGCG,-5.402023,-5.031539
WSSS8084745-GTGTGATCACAGTCAT,-4.837212,-5.6644115
WSSS8084745-GTTGTAGCACTGGATT,-4.4645004,5.8462806
WSSS8084745-TACCGGGTCTTTCCAA,-7.3073263,9.238265
WSSS8084745-TATCTTGTCTAAGGAA,-5.433523,-4.07237
WSSS8084745-TCCTTCTTCCTACAAG,-7.7246675,-1.6847614
WSSS8084745-TCTCCGAGTTAAACCC,-7.931678,-0.38937178
WSSS8084745-TGAATGCCAAAGGCAC,-7.3353195,9.31623
WSSS8084745-TGTTCTAAGAAGTCTA,-5.975731,8.621099
WSSS8084745-TTTGGTTAGACCACGA,-6.68765,8.830683
WSSS8084745-TTTGGTTTCGAGCACC,-6.263548,9.855599
